path,bcs
./cow_dataset/71_4_10_20_158_cow.jpg1,3
./cow_dataset/71_4_10_20_156_cow.jpg,3
./cow_dataset/56_4_10_10_106_cow.jpg,2.75
./cow_dataset/37_4_5_20_221_cow.jpg,3
./cow_dataset/37_4_5_20_223_cow.jpg,3
./cow_dataset/40_4_15_12_401_cow.jpg,2.75
./cow_dataset/40_4_15_12_403_cow.jpg,2.75
./cow_dataset/696_4_7_21_278_cow.jpg,2.75
./cow_dataset/40_4_9_21_246_cow.jpg,2.75
./cow_dataset/44_4_7_20_3_cow.jpg,3
./cow_dataset/40_4_6_10_363_cow.jpg,2.75
./cow_dataset/713_4_5_22_361_cow.jpg,3
./cow_dataset/713_4_5_22_363_cow.jpg,3
./cow_dataset/45_4_15_12_36_cow.jpg,2.75
./cow_dataset/45_4_15_12_38_cow.jpg,2.75
./cow_dataset/45_4_7_22_180_cow.jpg,2.75
./cow_dataset/713_4_6_12_62_cow.jpg,3
./cow_dataset/738_4_6_11_156_cow.jpg,2.75
./cow_dataset/713_4_5_22_11_cow.jpg,3
./cow_dataset/713_4_5_22_9_cow.jpg,3
./cow_dataset/56_4_4_12_2_cow.jpg,2.75
./cow_dataset/696_4_6_10_175_cow.jpg,2.75
./cow_dataset/733_4_6_13_41_cow.jpg,2.75
./cow_dataset/42_4_6_11_266_cow.jpg,3
./cow_dataset/738_4_4_12_139_cow.jpg,2.75
./cow_dataset/85_4_11_10_116_cow.jpg,2.5
./cow_dataset/56_4_15_13_24_cow.jpg,2.75
./cow_dataset/56_4_15_13_26_cow.jpg,2.75
./cow_dataset/738_4_4_20_45_cow.jpg,2.75
./cow_dataset/713_4_4_13_198_cow.jpg,3
./cow_dataset/42_4_4_23_59_cow.jpg,3
./cow_dataset/713_4_5_12_109_cow.jpg,3
./cow_dataset/713_4_9_22_265_cow.jpg,3
./cow_dataset/85_4_11_10_118_cow.jpg,2.5
./cow_dataset/713_4_10_22_193_cow.jpg,3
./cow_dataset/85_4_6_10_241_cow.jpg,2.5
./cow_dataset/738_4_22_21_104_cow.jpg,2.75
./cow_dataset/738_4_22_21_106_cow.jpg,2.75
./cow_dataset/738_4_22_21_108_cow.jpg,2.75
./cow_dataset/738_4_22_21_110_cow.jpg,2.75
./cow_dataset/738_4_24_22_109_cow.jpg,2.75
./cow_dataset/738_4_24_22_111_cow.jpg,2.75
./cow_dataset/738_4_24_22_113_cow.jpg,2.75
./cow_dataset/56_4_23_22_102_cow.jpg,2.75
./cow_dataset/56_4_23_22_104_cow.jpg,2.75
./cow_dataset/42_4_20_23_110_cow.jpg,3
./cow_dataset/71_4_25_23_104_cow.jpg,3
./cow_dataset/696_4_27_12_67_cow.jpg,2.75
./cow_dataset/696_4_27_12_69_cow.jpg,2.75
./cow_dataset/40_4_24_23_111_cow.jpg,2.75
./cow_dataset/40_4_24_23_113_cow.jpg,2.75
./cow_dataset/66_4_7_20_324_cow.jpg,2.5
./cow_dataset/GS_1086_3.jpg,3.25
./cow_dataset/L-i1965.jpg,3.25
./cow_dataset/GS_2211_7.jpg,3.25
./cow_dataset/GS_3145_4.jpg,3.25
./cow_dataset/YM_1816_1.jpg,3.25
./cow_dataset/GS_2326_5.jpg,3.25
./cow_dataset/YM_231_3.jpg,3.25
./cow_dataset/L-i6946.jpg,3.25
./cow_dataset/L-i1333.jpg,3.25
./cow_dataset/R-i1448.jpg,3.25
./cow_dataset/L-i1041.jpg,3.25
./cow_dataset/GS_3145_3.jpg,3.25
./cow_dataset/YM_1007_3.jpg,3.25
./cow_dataset/YM_1816_2.jpg,3.25
./cow_dataset/YM_1226_4.jpg,3.25
./cow_dataset/YM_277_3.jpg,3.25
./cow_dataset/YM_864_1.jpg,3.25
./cow_dataset/GS_1640_1.jpg,3.25
./cow_dataset/YM_1697_6.jpg,3.25
./cow_dataset/R-i1965.jpg,3.25
./cow_dataset/GS_805_4.jpg,3.25
./cow_dataset/L-i6890.jpg,3.25
./cow_dataset/GS_1080_2.jpg,3.25
./cow_dataset/GS_2189_7.jpg,3.25
./cow_dataset/GS_699_5.jpg,3.25
./cow_dataset/GS_1836_3.jpg,3.25
./cow_dataset/GS_2386_2.jpg,3.25
./cow_dataset/GS_656_9.jpg,3.25
./cow_dataset/YM_1537_6.jpg,3.25
./cow_dataset/GS_2127_6.jpg,3.25
./cow_dataset/GS_1343_11.jpg,3.25
./cow_dataset/GS_915_8.jpg,3.25
./cow_dataset/YM_1369_1.jpg,3.25
./cow_dataset/GS_2122_9.jpg,3.25
./cow_dataset/GS_3162_12.jpg,3.25
./cow_dataset/GS_1060_2.jpg,3.25
./cow_dataset/GS_1224_2.jpg,3.25
./cow_dataset/GS_2246_1.jpg,3.25
./cow_dataset/YM_1073_5.jpg,3.25
./cow_dataset/GS_184_6.jpg,3.25
./cow_dataset/GS_2273_5.jpg,3.25
./cow_dataset/YM_1281_3.jpg,3.25
./cow_dataset/YM_871_14.jpg,3.25
./cow_dataset/YM_1630_4.jpg,3.25
./cow_dataset/GS_734_4.jpg,3.25
./cow_dataset/R-i650.jpg,3.25
./cow_dataset/YM_481_2.jpg,3.25
./cow_dataset/GS_840_1.jpg,3.25
./cow_dataset/YM_726_4.jpg,3.25
./cow_dataset/GS_2708_8.jpg,3.25
./cow_dataset/YM_1789_6.jpg,3.25
./cow_dataset/YM_1789_5.jpg,3.25
./cow_dataset/GS_771_5.jpg,3.25
./cow_dataset/GS_1508_5.jpg,3.25
./cow_dataset/YM_619_9.jpg,3.25
./cow_dataset/GS_2304_1.jpg,3.25
./cow_dataset/GS_531_11.jpg,3.25
./cow_dataset/GS_2215_1.jpg,3.25
./cow_dataset/GS_531_4.jpg,3.25
./cow_dataset/GS_1110_2.jpg,3.25
./cow_dataset/GS_1050_2.jpg,3.25
./cow_dataset/GS_1946_3.jpg,3.25
./cow_dataset/GS_2130_12.jpg,3.25
./cow_dataset/GS_600_11.jpg,3.25
./cow_dataset/GS_2041_8.jpg,3.25
./cow_dataset/R-i7364.jpg,3.25
./cow_dataset/GS_1330_3.jpg,3.25
./cow_dataset/GS_1039_7.jpg,3.25
./cow_dataset/R-i861.jpg,3.25
./cow_dataset/GS_2063_3.jpg,3.25
./cow_dataset/YM_1281_5.jpg,3.25
./cow_dataset/GS_2215_3.jpg,3.25
./cow_dataset/GS_3295_3.jpg,3.25
./cow_dataset/GS_601_9.jpg,3.25
./cow_dataset/GS_2064_7.jpg,3.25
./cow_dataset/R-i8090.jpg,3.25
./cow_dataset/GS_1233_9.jpg,3.25
./cow_dataset/GS_1097_4.jpg,3.25
./cow_dataset/YM_1630_10.jpg,3.25
./cow_dataset/R-i849.jpg,3.25
./cow_dataset/GS_1106_4.jpg,3.25
./cow_dataset/GS_2384_2.jpg,3.25
./cow_dataset/GS_1176_2.jpg,3.25
./cow_dataset/YM_2_1.jpg,3.25
./cow_dataset/GS_2273_1.jpg,3.25
./cow_dataset/GS_1687_4.jpg,3.25
./cow_dataset/R-i850.jpg,3.25
./cow_dataset/YM_894_5.jpg,3.25
./cow_dataset/YM_905_15.jpg,3.25
./cow_dataset/GS_105_1.jpg,3.25
./cow_dataset/YM_1425_4.jpg,3.25
./cow_dataset/GS_2007_3.jpg,3.25
./cow_dataset/GS_2052_1.jpg,3.25
./cow_dataset/GS_832_6.jpg,3.25
./cow_dataset/GS_2063_5.jpg,3.25
./cow_dataset/GS_3166_5.jpg,3.25
./cow_dataset/R-i1159.jpg,3.25
./cow_dataset/GS_1239_2.jpg,3.25
./cow_dataset/GS_832_7.jpg,3.25
./cow_dataset/GS_852_1.jpg,3.25
./cow_dataset/YM_1610_4.jpg,3.25
./cow_dataset/GS_2242_10.jpg,3.25
./cow_dataset/YM_150_7.jpg,3.25
./cow_dataset/GS_2237_7.jpg,3.25
./cow_dataset/GS_2307_8.jpg,3.25
./cow_dataset/YM_1838_1.jpg,3.25
./cow_dataset/L-i2009.jpg,3.25
./cow_dataset/YM_1369_2.jpg,3.25
./cow_dataset/YM_1857_6.jpg,3.25
./cow_dataset/GS_647_9.jpg,3.25
./cow_dataset/GS_1838_8.jpg,3.25
./cow_dataset/GS_519_2.jpg,3.25
./cow_dataset/L-i5477.jpg,3.25
./cow_dataset/R-i1988.jpg,3.25
./cow_dataset/GS_2096_1.jpg,3.25
./cow_dataset/YM_762_8.jpg,3.25
./cow_dataset/GS_3312_3.jpg,3.25
./cow_dataset/GS_3070_10.jpg,3.25
./cow_dataset/GS_1847_5.jpg,3.25
./cow_dataset/YM_1783_17.jpg,3.25
./cow_dataset/L-i837.jpg,3.25
./cow_dataset/R-i6980.jpg,3.25
./cow_dataset/GS_798_3.jpg,3.25
./cow_dataset/GS_2096_2.jpg,3.25
./cow_dataset/GS_1148_5.jpg,3.25
./cow_dataset/R-i1126.jpg,3.25
./cow_dataset/GS_1218_4.jpg,3.25
./cow_dataset/GS_1168_6.jpg,3.25
./cow_dataset/YM_418_9.jpg,3.25
./cow_dataset/YM_905_9.jpg,3.25
./cow_dataset/GS_568_1.jpg,3.25
./cow_dataset/YM_1001_6.jpg,3.25
./cow_dataset/GS_2278_4.jpg,3.25
./cow_dataset/GS_2809_7.jpg,3.25
./cow_dataset/L-i7374.jpg,3.25
./cow_dataset/GS_920_3.jpg,3.25
./cow_dataset/GS_518_5.jpg,3.25
./cow_dataset/GS_1640_6.jpg,3.25
./cow_dataset/GS_1997_1.jpg,3.25
./cow_dataset/R-i5475.jpg,3.25
./cow_dataset/YM_1686_2.jpg,3.25
./cow_dataset/GS_2136_4.jpg,3.25
./cow_dataset/GS_105_5.jpg,3.25
./cow_dataset/GS_823_2.jpg,3.25
./cow_dataset/GS_927_5.jpg,3.25
./cow_dataset/GS_2172_4.jpg,3.25
./cow_dataset/GS_2052_8.jpg,3.25
./cow_dataset/L-i7369.jpg,3.25
./cow_dataset/GS_3162_13.jpg,3.25
./cow_dataset/GS_2259_9.jpg,3.25
./cow_dataset/YM_1066_5.jpg,3.25
./cow_dataset/GS_3162_3.jpg,3.25
./cow_dataset/YM_1274_6.jpg,3.25
./cow_dataset/YM_1374_6.jpg,3.25
./cow_dataset/GS_852_6.jpg,3.25
./cow_dataset/GS_2066_7.jpg,3.25
./cow_dataset/YM_1189_4.jpg,3.25
./cow_dataset/GS_2121_4.jpg,3.25
./cow_dataset/GS_794_5.jpg,3.25
./cow_dataset/GS_443_12.jpg,3.25
./cow_dataset/GS_1979_8.jpg,3.25
./cow_dataset/GS_1862_2.jpg,3.25
./cow_dataset/YM_1664_4.jpg,3.25
./cow_dataset/GS_680_8.jpg,3.25
./cow_dataset/L-i6889.jpg,3.25
./cow_dataset/YM_315_6.jpg,3.25
./cow_dataset/YM_795_2.jpg,3.25
./cow_dataset/GS_1005_3.jpg,3.25
./cow_dataset/GS_2959_9.jpg,3.25
./cow_dataset/GS_290_2.jpg,3.25
./cow_dataset/GS_805_7.jpg,3.25
./cow_dataset/GS_667_14.jpg,3.25
./cow_dataset/GS_1685_11.jpg,3.25
./cow_dataset/GS_896_2.jpg,3.25
./cow_dataset/GS_2167_8.jpg,3.25
./cow_dataset/YM_1281_4.jpg,3.25
./cow_dataset/GS_656_11.jpg,3.25
./cow_dataset/GS_2070_11.jpg,3.25
./cow_dataset/YM_924_3.jpg,3.25
./cow_dataset/GS_667_13.jpg,3.25
./cow_dataset/GS_862_7.jpg,3.25
./cow_dataset/GS_2102_4.jpg,3.25
./cow_dataset/GS_2362_5.jpg,3.25
./cow_dataset/YM_588_1.jpg,3.25
./cow_dataset/YM_418_11.jpg,3.25
./cow_dataset/YM_1843_9.jpg,3.25
./cow_dataset/GS_2207_6.jpg,3.25
./cow_dataset/GS_879_1.jpg,3.25
./cow_dataset/YM_253_3.jpg,3.25
./cow_dataset/GS_2872_13.jpg,3.25
./cow_dataset/GS_2644_6.jpg,3.25
./cow_dataset/GS_2193_7.jpg,3.25
./cow_dataset/GS_852_4.jpg,3.25
./cow_dataset/L-i598.jpg,3.25
./cow_dataset/GS_2260_6.jpg,3.25
./cow_dataset/GS_2279_3.jpg,3.25
./cow_dataset/GS_3277_5.jpg,3.25
./cow_dataset/GS_1122_3.jpg,3.25
./cow_dataset/GS_2389_4.jpg,3.25
./cow_dataset/YM_287_4.jpg,3.25
./cow_dataset/GS_1892_11.jpg,3.5
./cow_dataset/R-i998.jpg,3.5
./cow_dataset/GS_156_6.jpg,3.5
./cow_dataset/GS_968_6.jpg,3.5
./cow_dataset/GS_1197_11.jpg,3.5
./cow_dataset/GS_2697_7.jpg,3.5
./cow_dataset/L-i1012.jpg,3.5
./cow_dataset/YM_99_3.jpg,3.5
./cow_dataset/GS_2087_1.jpg,3.5
./cow_dataset/YM_506_4.jpg,3.5
./cow_dataset/YM_1607_6.jpg,3.5
./cow_dataset/R-i3127.jpg,3.5
./cow_dataset/GS_926_5.jpg,3.5
./cow_dataset/GS_2328_2.jpg,3.5
./cow_dataset/YM_525_8.jpg,3.5
./cow_dataset/GS_2852_4.jpg,3.5
./cow_dataset/YM_1534_2.jpg,3.5
./cow_dataset/GS_1098_4.jpg,3.5
./cow_dataset/GS_1182_7.jpg,3.5
./cow_dataset/L-i1923.jpg,3.5
./cow_dataset/GS_886_8.jpg,3.5
./cow_dataset/GS_1149_1.jpg,3.5
./cow_dataset/R-i1927.jpg,3.5
./cow_dataset/YM_48_5.jpg,3.5
./cow_dataset/GS_1962_5.jpg,3.5
./cow_dataset/GS_3085_9.jpg,3.5
./cow_dataset/GS_955_11.jpg,3.5
./cow_dataset/GS_3140_19.jpg,3.5
./cow_dataset/YM_1195_5.jpg,3.5
./cow_dataset/R-i526.jpg,3.5
./cow_dataset/YM_711_17.jpg,3.5
./cow_dataset/YM_279_5.jpg,3.5
./cow_dataset/R-i1321.jpg,3.5
./cow_dataset/GS_2753_1.jpg,3.5
./cow_dataset/GS_1942_4.jpg,3.5
./cow_dataset/GS_3115_10.jpg,3.5
./cow_dataset/YM_687_2.jpg,3.5
./cow_dataset/L-i1759.jpg,3.5
./cow_dataset/GS_1887_5.jpg,3.5
./cow_dataset/YM_2017_8.jpg,3.5
./cow_dataset/GS_2521_1.jpg,3.5
./cow_dataset/YM_1008_2.jpg,3.5
./cow_dataset/GS_848_7.jpg,3.5
./cow_dataset/GS_2075_6.jpg,3.5
./cow_dataset/R-i1885.jpg,3.5
./cow_dataset/GS_950_9.jpg,3.5
./cow_dataset/YM_1415_2.jpg,3.5
./cow_dataset/GS_848_6.jpg,3.5
./cow_dataset/YM_1892_4.jpg,3.5
./cow_dataset/GS_955_8.jpg,3.5
./cow_dataset/YM_501_7.jpg,3.5
./cow_dataset/L-i6065.jpg,3.5
./cow_dataset/GS_1247_6.jpg,3.5
./cow_dataset/L-i4294.jpg,3.5
./cow_dataset/R-i6055.jpg,3.5
./cow_dataset/GS_2725_4.jpg,3.5
./cow_dataset/YM_1332_1.jpg,3.5
./cow_dataset/GS_658_7.jpg,3.5
./cow_dataset/GS_676_5.jpg,3.5
./cow_dataset/GS_248_4.jpg,3.5
./cow_dataset/GS_849_4.jpg,3.5
./cow_dataset/YM_972_2.jpg,3.5
./cow_dataset/GS_1032_4.jpg,3.5
./cow_dataset/L-i2741.jpg,3.5
./cow_dataset/R-i1516.jpg,3.5
./cow_dataset/GS_783_6.jpg,3.5
./cow_dataset/GS_1648_4.jpg,3.5
./cow_dataset/YM_404_3.jpg,3.5
./cow_dataset/GS_1128_6.jpg,3.5
./cow_dataset/L-i1760.jpg,3.5
./cow_dataset/R-i2550.jpg,3.5
./cow_dataset/YM_132_6.jpg,3.5
./cow_dataset/GS_2784_7.jpg,3.5
./cow_dataset/L-i3849.jpg,3.5
./cow_dataset/GS_2996_10.jpg,3.5
./cow_dataset/GS_1245_6.jpg,3.5
./cow_dataset/GS_2534_8.jpg,3.5
./cow_dataset/L-i1925.jpg,3.5
./cow_dataset/R-i3174.jpg,3.5
./cow_dataset/R-i1333.jpg,3.5
./cow_dataset/R-i786.jpg,3.5
./cow_dataset/GS_1149_7.jpg,3.5
./cow_dataset/YM_650_5.jpg,3.5
./cow_dataset/YM_1184_4.jpg,3.5
./cow_dataset/YM_634_9.jpg,3.5
./cow_dataset/L-i5061.jpg,3.5
./cow_dataset/GS_1715_3.jpg,3.5
./cow_dataset/GS_2328_7.jpg,3.5
./cow_dataset/GS_715_3.jpg,3.5
./cow_dataset/R-i5056.jpg,3.5
./cow_dataset/YM_2055_7.jpg,3.5
./cow_dataset/GS_2381_6.jpg,3.5
./cow_dataset/GS_1852_9.jpg,3.5
./cow_dataset/L-i518.jpg,3.5
./cow_dataset/GS_1718_4.jpg,3.5
./cow_dataset/GS_2875_3.jpg,3.5
./cow_dataset/GS_1427_5.jpg,3.5
./cow_dataset/GS_2575_5.jpg,3.5
./cow_dataset/GS_2811_2.jpg,3.5
./cow_dataset/YM_340_1.jpg,3.5
./cow_dataset/GS_559_5.jpg,3.5
./cow_dataset/GS_217_4.jpg,3.5
./cow_dataset/L-i1740.jpg,3.5
./cow_dataset/GS_772_5.jpg,3.5
./cow_dataset/L-i718.jpg,3.5
./cow_dataset/YM_995_6.jpg,3.5
./cow_dataset/GS_1035_7.jpg,3.5
./cow_dataset/L-i2494.jpg,3.5
./cow_dataset/YM_1878_1.jpg,3.5
./cow_dataset/YM_243_1.jpg,3.5
./cow_dataset/GS_2190_6.jpg,3.5
./cow_dataset/GS_3079_10.jpg,3.5
./cow_dataset/GS_944_8.jpg,3.5
./cow_dataset/GS_1887_8.jpg,3.5
./cow_dataset/GS_1392_2.jpg,3.5
./cow_dataset/YM_1745_4.jpg,3.5
./cow_dataset/L-i5591.jpg,3.5
./cow_dataset/GS_940_6.jpg,3.5
./cow_dataset/GS_372_11.jpg,3.5
./cow_dataset/GS_1738_4.jpg,3.5
./cow_dataset/R-i10328.jpg,3.5
./cow_dataset/YM_789_2.jpg,3.5
./cow_dataset/YM_1457_7.jpg,3.5
./cow_dataset/L-i7081.jpg,3.5
./cow_dataset/GS_721_3.jpg,3.5
./cow_dataset/GS_1347_8.jpg,3.5
./cow_dataset/GS_140_11.jpg,3.5
./cow_dataset/GS_2165_7.jpg,3.5
./cow_dataset/L-i3179.jpg,3.5
./cow_dataset/GS_541_4.jpg,3.5
./cow_dataset/R-i1701.jpg,3.5
./cow_dataset/GS_1306_15.jpg,3.5
./cow_dataset/R-i8430.jpg,3.5
./cow_dataset/YM_1867_4.jpg,3.5
./cow_dataset/GS_2801_1.jpg,3.5
./cow_dataset/GS_2891_12.jpg,3.5
./cow_dataset/GS_1379_4.jpg,3.5
./cow_dataset/GS_1225_10.jpg,3.5
./cow_dataset/GS_2312_3.jpg,3.5
./cow_dataset/YM_1675_5.jpg,3.5
./cow_dataset/GS_1017_4.jpg,3.5
./cow_dataset/YM_1908_7.jpg,3.5
./cow_dataset/GS_2972_10.jpg,3.5
./cow_dataset/YM_1242_2.jpg,3.5
./cow_dataset/GS_721_2.jpg,3.5
./cow_dataset/YM_1999_1.jpg,3.5
./cow_dataset/YM_1997_4.jpg,3.5
./cow_dataset/R-i1878.jpg,3.5
./cow_dataset/GS_1940_7.jpg,3.5
./cow_dataset/GS_872_1.jpg,3.5
./cow_dataset/GS_1098_1.jpg,3.5
./cow_dataset/YM_1450_6.jpg,3.5
./cow_dataset/YM_1163_5.jpg,3.5
./cow_dataset/YM_830_3.jpg,3.5
./cow_dataset/YM_1062_4.jpg,3.5
./cow_dataset/GS_1100_6.jpg,3.5
./cow_dataset/L-i3145.jpg,3.5
./cow_dataset/L-i807.jpg,3.5
./cow_dataset/YM_2033_7.jpg,3.5
./cow_dataset/GS_860_2.jpg,3.5
./cow_dataset/R-i4118.jpg,3.5
./cow_dataset/YM_2014_2.jpg,3.5
./cow_dataset/L-i4337.jpg,3.5
./cow_dataset/GS_363_2.jpg,3.5
./cow_dataset/GS_1895_2.jpg,3.5
./cow_dataset/L-i1684.jpg,3.5
./cow_dataset/YM_165_5.jpg,3.5
./cow_dataset/YM_1310_2.jpg,3.5
./cow_dataset/GS_971_4.jpg,3.5
./cow_dataset/GS_2891_4.jpg,3.5
./cow_dataset/GS_1720_3.jpg,3.5
./cow_dataset/GS_933_4.jpg,3.5
./cow_dataset/R-i10569.jpg,3.5
./cow_dataset/GS_156_2.jpg,3.5
./cow_dataset/L-i6761.jpg,3.5
./cow_dataset/L-i2416.jpg,3.5
./cow_dataset/GS_677_5.jpg,3.5
./cow_dataset/R-i2712.jpg,3.5
./cow_dataset/L-i5602.jpg,3.5
./cow_dataset/GS_3301_3.jpg,3.5
./cow_dataset/GS_1975_2.jpg,3.5
./cow_dataset/R-i3385.jpg,3.5
./cow_dataset/YM_1_6.jpg,3.5
./cow_dataset/GS_363_10.jpg,3.5
./cow_dataset/YM_578_6.jpg,3.5
./cow_dataset/GS_1130_3.jpg,3.5
./cow_dataset/R-i1662.jpg,3.5
./cow_dataset/GS_1837_6.jpg,3.5
./cow_dataset/GS_445_16.jpg,3.5
./cow_dataset/GS_1203_1.jpg,3.5
./cow_dataset/GS_2550_10.jpg,3.5
./cow_dataset/GS_441_12.jpg,3.5
./cow_dataset/GS_689_5.jpg,3.5
./cow_dataset/R-i5564.jpg,3.5
./cow_dataset/GS_428_4.jpg,3.5
./cow_dataset/L-i10812.jpg,3.5
./cow_dataset/GS_626_1.jpg,3.5
./cow_dataset/YM_2014_5.jpg,3.5
./cow_dataset/GS_2184_7.jpg,3.5
./cow_dataset/GS_2366_4.jpg,3.5
./cow_dataset/GS_1797_4.jpg,3.75
./cow_dataset/GS_633_10.jpg,3.75
./cow_dataset/GS_376_2.jpg,3.75
./cow_dataset/L-i9600.jpg,3.75
./cow_dataset/GS_851_8.jpg,3.75
./cow_dataset/YM_498_3.jpg,3.75
./cow_dataset/GS_391_5.jpg,3.75
./cow_dataset/GS_1450_6.jpg,3.75
./cow_dataset/L-i2158.jpg,3.75
./cow_dataset/GS_1339_9.jpg,3.75
./cow_dataset/GS_1755_6.jpg,3.75
./cow_dataset/YM_1633_5.jpg,3.75
./cow_dataset/YM_379_5.jpg,3.75
./cow_dataset/GS_113_5.jpg,3.75
./cow_dataset/GS_348_9.jpg,3.75
./cow_dataset/L-i1808.jpg,3.75
./cow_dataset/GS_615_1.jpg,3.75
./cow_dataset/YM_1351_1.jpg,3.75
./cow_dataset/YM_235_1.jpg,3.75
./cow_dataset/GS_1530_1.jpg,3.75
./cow_dataset/R-i4023.jpg,3.75
./cow_dataset/GS_2726_2.jpg,3.75
./cow_dataset/YM_1503_4.jpg,3.75
./cow_dataset/R-i5698.jpg,3.75
./cow_dataset/L-i3074.jpg,3.75
./cow_dataset/GS_1796_4.jpg,3.75
./cow_dataset/YM_1190_10.jpg,3.75
./cow_dataset/GS_3343_6.jpg,3.75
./cow_dataset/GS_2597_1.jpg,3.75
./cow_dataset/YM_374_4.jpg,3.75
./cow_dataset/R-i4021.jpg,3.75
./cow_dataset/YM_1238_8.jpg,3.75
./cow_dataset/YM_1893_7.jpg,3.75
./cow_dataset/GS_1082_4.jpg,3.75
./cow_dataset/YM_967_2.jpg,3.75
./cow_dataset/GS_3168_2.jpg,3.75
./cow_dataset/GS_3039_13.jpg,3.75
./cow_dataset/YM_524_1.jpg,3.75
./cow_dataset/GS_410_3.jpg,3.75
./cow_dataset/L-i6830.jpg,3.75
./cow_dataset/GS_239_6.jpg,3.75
./cow_dataset/YM_1051_8.jpg,3.75
./cow_dataset/YM_1055_2.jpg,3.75
./cow_dataset/GS_1522_1.jpg,3.75
./cow_dataset/GS_2487_2.jpg,3.75
./cow_dataset/YM_1119_7.jpg,3.75
./cow_dataset/GS_546_4.jpg,3.75
./cow_dataset/GS_172_4.jpg,3.75
./cow_dataset/YM_676_10.jpg,3.75
./cow_dataset/YM_1618_1.jpg,3.75
./cow_dataset/L-i3287.jpg,3.75
./cow_dataset/GS_1021_3.jpg,3.75
./cow_dataset/L-i6734.jpg,3.75
./cow_dataset/YM_1564_7.jpg,3.75
./cow_dataset/YM_2022_9.jpg,3.75
./cow_dataset/GS_725_6.jpg,3.75
./cow_dataset/YM_1433_1.jpg,3.75
./cow_dataset/GS_2588_3.jpg,3.75
./cow_dataset/YM_643_6.jpg,3.75
./cow_dataset/GS_802_6.jpg,3.75
./cow_dataset/GS_132_16.jpg,3.75
./cow_dataset/YM_1939_2.jpg,3.75
./cow_dataset/GS_1513_3.jpg,3.75
./cow_dataset/GS_430_3.jpg,3.75
./cow_dataset/YM_673_2.jpg,3.75
./cow_dataset/GS_1436_1.jpg,3.75
./cow_dataset/GS_1691_6.jpg,3.75
./cow_dataset/L-i7973.jpg,3.75
./cow_dataset/R-i9958.jpg,3.75
./cow_dataset/L-i8503.jpg,3.75
./cow_dataset/YM_1423_2.jpg,3.75
./cow_dataset/YM_1756_9.jpg,3.75
./cow_dataset/L-i6858.jpg,3.75
./cow_dataset/R-i10450.jpg,3.75
./cow_dataset/YM_631_3.jpg,3.75
./cow_dataset/GS_321_25.jpg,3.75
./cow_dataset/GS_3245_3.jpg,3.75
./cow_dataset/YM_1653_5.jpg,3.75
./cow_dataset/YM_880_5.jpg,3.75
./cow_dataset/GS_1658_6.jpg,3.75
./cow_dataset/GS_483_1.jpg,3.75
./cow_dataset/GS_171_5.jpg,3.75
./cow_dataset/GS_869_3.jpg,3.75
./cow_dataset/GS_410_7.jpg,3.75
./cow_dataset/GS_142_8.jpg,3.75
./cow_dataset/YM_646_3.jpg,3.75
./cow_dataset/R-i9570.jpg,3.75
./cow_dataset/YM_220_3.jpg,3.75
./cow_dataset/R-i3615.jpg,3.75
./cow_dataset/GS_1756_9.jpg,3.75
./cow_dataset/GS_2061_8.jpg,3.75
./cow_dataset/YM_1848_6.jpg,3.75
./cow_dataset/L-i5211.jpg,3.75
./cow_dataset/L-i9720.jpg,3.75
./cow_dataset/GS_206_4.jpg,3.75
./cow_dataset/YM_1225_4.jpg,3.75
./cow_dataset/YM_881_5.jpg,3.75
./cow_dataset/GS_175_1.jpg,3.75
./cow_dataset/GS_376_13.jpg,3.75
./cow_dataset/GS_333_4.jpg,3.75
./cow_dataset/YM_1863_7.jpg,3.75
./cow_dataset/GS_1805_2.jpg,3.75
./cow_dataset/R-i8628.jpg,3.75
./cow_dataset/YM_1590_3.jpg,3.75
./cow_dataset/YM_1365_1.jpg,3.75
./cow_dataset/GS_2077_3.jpg,3.75
./cow_dataset/YM_393_1.jpg,3.75
./cow_dataset/GS_800_1.jpg,3.75
./cow_dataset/GS_2201_9.jpg,3.75
./cow_dataset/GS_183_6.jpg,3.75
./cow_dataset/YM_1113_1.jpg,3.75
./cow_dataset/GS_2548_2.jpg,3.75
./cow_dataset/GS_158_4.jpg,3.75
./cow_dataset/GS_789_4.jpg,3.75
./cow_dataset/GS_376_8.jpg,3.75
./cow_dataset/YM_1324_4.jpg,3.75
./cow_dataset/GS_869_5.jpg,3.75
./cow_dataset/YM_1169_2.jpg,3.75
./cow_dataset/GS_517_9.jpg,3.75
./cow_dataset/GS_818_4.jpg,3.75
./cow_dataset/YM_638_8.jpg,3.75
./cow_dataset/GS_210_7.jpg,3.75
./cow_dataset/YM_568_3.jpg,3.75
./cow_dataset/GS_284_9.jpg,3.75
./cow_dataset/R-i8724.jpg,3.75
./cow_dataset/GS_3194_2.jpg,3.75
./cow_dataset/YM_706_1.jpg,3.75
./cow_dataset/R-i4365.jpg,3.75
./cow_dataset/GS_2151_2.jpg,3.75
./cow_dataset/GS_2871_25.jpg,3.75
./cow_dataset/YM_49_5.jpg,3.75
./cow_dataset/R-i8503.jpg,3.75
./cow_dataset/R-i9183.jpg,3.75
./cow_dataset/GS_1516_3.jpg,3.75
./cow_dataset/YM_1631_3.jpg,3.75
./cow_dataset/YM_585_3.jpg,3.75
./cow_dataset/GS_1917_4.jpg,3.75
./cow_dataset/YM_1150_1.jpg,3.75
./cow_dataset/GS_2019_5.jpg,3.75
./cow_dataset/R-i8999.jpg,3.75
./cow_dataset/YM_824_5.jpg,3.75
./cow_dataset/YM_1448_8.jpg,3.75
./cow_dataset/YM_715_1.jpg,3.75
./cow_dataset/GS_407_7.jpg,3.75
./cow_dataset/GS_547_7.jpg,3.75
./cow_dataset/GS_3226_7.jpg,3.75
./cow_dataset/L-i9186.jpg,3.75
./cow_dataset/YM_88_5.jpg,3.75
./cow_dataset/GS_3104_1.jpg,3.75
./cow_dataset/YM_1051_4.jpg,3.75
./cow_dataset/YM_1484_8.jpg,3.75
./cow_dataset/GS_1351_6.jpg,3.75
./cow_dataset/R-i4235.jpg,3.75
./cow_dataset/GS_2943_1.jpg,3.75
./cow_dataset/GS_930_2.jpg,3.75
./cow_dataset/GS_1728_3.jpg,3.75
./cow_dataset/GS_2902_4.jpg,3.75
./cow_dataset/GS_2577_2.jpg,3.75
./cow_dataset/GS_572_9.jpg,3.75
./cow_dataset/GS_2664_5.jpg,3.75
./cow_dataset/YM_1208_7.jpg,3.75
./cow_dataset/YM_531_8.jpg,3.75
./cow_dataset/YM_818_4.jpg,3.75
./cow_dataset/GS_2511_6.jpg,3.75
./cow_dataset/R-i9190.jpg,3.75
./cow_dataset/R-i5234.jpg,3.75
./cow_dataset/GS_225_1.jpg,3.75
./cow_dataset/GS_2947_9.jpg,3.75
./cow_dataset/R-i8703.jpg,3.75
./cow_dataset/YM_1811_3.jpg,3.75
./cow_dataset/GS_2754_5.jpg,3.75
./cow_dataset/GS_1320_4.jpg,3.75
./cow_dataset/YM_1633_10.jpg,3.75
./cow_dataset/GS_3113_3.jpg,3.75
./cow_dataset/YM_557_2.jpg,3.75
./cow_dataset/GS_3230_3.jpg,3.75
./cow_dataset/YM_531_7.jpg,3.75
./cow_dataset/GS_2212_1.jpg,3.75
./cow_dataset/GS_244_4.jpg,3.75
./cow_dataset/YM_1143_6.jpg,3.75
./cow_dataset/GS_3279_4.jpg,3.75
./cow_dataset/YM_237_4.jpg,3.75
./cow_dataset/R-i3656.jpg,3.75
./cow_dataset/L-i9574.jpg,3.75
./cow_dataset/GS_1565_7.jpg,3.75
./cow_dataset/GS_1333_7.jpg,3.75
./cow_dataset/GS_3028_2.jpg,3.75
./cow_dataset/GS_930_7.jpg,3.75
./cow_dataset/YM_1012_2.jpg,3.75
./cow_dataset/YM_1937_4.jpg,3.75
./cow_dataset/GS_3176_1.jpg,3.75
./cow_dataset/YM_809_6.jpg,3.75
./cow_dataset/YM_98_8.jpg,3.75
./cow_dataset/YM_274_1.jpg,3.75
./cow_dataset/GS_2595_7.jpg,3.75
./cow_dataset/GS_1809_6.jpg,3.75
./cow_dataset/GS_371_11.jpg,3.75
./cow_dataset/GS_547_2.jpg,3.75
./cow_dataset/GS_1977_1.jpg,3.75
./cow_dataset/YM_1052_6.jpg,3.75
./cow_dataset/L-i6615.jpg,4
./cow_dataset/R-i10209.jpg,4
./cow_dataset/GS_2851_5.jpg,4
./cow_dataset/GS_953_9.jpg,4
./cow_dataset/YM_1265_4.jpg,4
./cow_dataset/GS_1363_4.jpg,4
./cow_dataset/YM_1507_1.jpg,4
./cow_dataset/GS_1539_10.jpg,4
./cow_dataset/GS_1309_8.jpg,4
./cow_dataset/YM_1206_4.jpg,4
./cow_dataset/GS_1587_7.jpg,4
./cow_dataset/GS_1438_6.jpg,4
./cow_dataset/YM_1431_8.jpg,4
./cow_dataset/GS_1558_2.jpg,4
./cow_dataset/GS_1561_3.jpg,4
./cow_dataset/L-i7629.jpg,4
./cow_dataset/GS_1935_6.jpg,4
./cow_dataset/GS_2682_10.jpg,4
./cow_dataset/L-i5669.jpg,4
./cow_dataset/R-i9417.jpg,4
./cow_dataset/YM_2044_4.jpg,4
./cow_dataset/L-i3499.jpg,4
./cow_dataset/GS_3199_2.jpg,4
./cow_dataset/R-i9454.jpg,4
./cow_dataset/GS_3073_7.jpg,4
./cow_dataset/GS_1111_4.jpg,4
./cow_dataset/GS_592_3.jpg,4
./cow_dataset/YM_330_6.jpg,4
./cow_dataset/YM_118_5.jpg,4
./cow_dataset/GS_536_6.jpg,4
./cow_dataset/R-i4167.jpg,4
./cow_dataset/GS_669_7.jpg,4
./cow_dataset/GS_43_3.jpg,4
./cow_dataset/GS_70_9.jpg,4
./cow_dataset/L-i4401.jpg,4
./cow_dataset/YM_576_3.jpg,4
./cow_dataset/YM_1280_2.jpg,4
./cow_dataset/YM_1742_2.jpg,4
./cow_dataset/GS_3171_2.jpg,4
./cow_dataset/YM_1518_6.jpg,4
./cow_dataset/GS_596_8.jpg,4
./cow_dataset/GS_1300_2.jpg,4
./cow_dataset/GS_1401_10.jpg,4
./cow_dataset/YM_985_2.jpg,4
./cow_dataset/R-i10779.jpg,4
./cow_dataset/GS_1573_2.jpg,4
./cow_dataset/YM_161_1.jpg,4
./cow_dataset/GS_2962_4.jpg,4
./cow_dataset/YM_1904_5.jpg,4
./cow_dataset/YM_664_3.jpg,4
./cow_dataset/R-i7054.jpg,4
./cow_dataset/GS_163_8.jpg,4
./cow_dataset/YM_118_6.jpg,4
./cow_dataset/L-i6300.jpg,4
./cow_dataset/GS_719_7.jpg,4
./cow_dataset/YM_178_1.jpg,4
./cow_dataset/GS_2223_4.jpg,4
./cow_dataset/GS_196_4.jpg,4
./cow_dataset/YM_1759_22.jpg,4
./cow_dataset/GS_63_7.jpg,4
./cow_dataset/GS_2630_10.jpg,4
./cow_dataset/R-i7389.jpg,4
./cow_dataset/GS_1331_4.jpg,4
./cow_dataset/GS_2815_11.jpg,4
./cow_dataset/GS_1304_2.jpg,4
./cow_dataset/GS_3122_7.jpg,4
./cow_dataset/YM_1122_2.jpg,4
./cow_dataset/GS_3171_7.jpg,4
./cow_dataset/L-i11203.jpg,4
./cow_dataset/YM_1734_7.jpg,4
./cow_dataset/L-i7501.jpg,4
./cow_dataset/GS_3003_6.jpg,4
./cow_dataset/YM_1348_7.jpg,4
./cow_dataset/YM_784_11.jpg,4
./cow_dataset/GS_1875_1.jpg,4
./cow_dataset/GS_116_2.jpg,4
./cow_dataset/YM_867_6.jpg,4
./cow_dataset/GS_1782_2.jpg,4
./cow_dataset/YM_419_5.jpg,4
./cow_dataset/R-i9895.jpg,4
./cow_dataset/GS_1260_2.jpg,4
./cow_dataset/YM_826_4.jpg,4
./cow_dataset/GS_143_2.jpg,4
./cow_dataset/L-i3632.jpg,4
./cow_dataset/GS_373_5.jpg,4
./cow_dataset/GS_1438_12.jpg,4
./cow_dataset/YM_785_6.jpg,4
./cow_dataset/GS_426_4.jpg,4
./cow_dataset/L-i9884.jpg,4
./cow_dataset/R-i4166.jpg,4
./cow_dataset/GS_3019_5.jpg,4
./cow_dataset/L-i11109.jpg,4
./cow_dataset/GS_2413_7.jpg,4
./cow_dataset/GS_2847_3.jpg,4
./cow_dataset/GS_507_4.jpg,4
./cow_dataset/GS_2113_4.jpg,4
./cow_dataset/YM_106_5.jpg,4
./cow_dataset/GS_2481_2.jpg,4
./cow_dataset/GS_2526_3.jpg,4
./cow_dataset/GS_1354_10.jpg,4
./cow_dataset/YM_1938_5.jpg,4
./cow_dataset/GS_2613_7.jpg,4
./cow_dataset/GS_3057_1.jpg,4
./cow_dataset/YM_364_1.jpg,4
./cow_dataset/GS_1912_3.jpg,4
./cow_dataset/R-i5666.jpg,4
./cow_dataset/GS_1642_4.jpg,4
./cow_dataset/YM_1389_9.jpg,4
./cow_dataset/GS_2964_1.jpg,4
./cow_dataset/GS_3228_7.jpg,4
./cow_dataset/GS_3009_3.jpg,4
./cow_dataset/YM_1759_3.jpg,4
./cow_dataset/GS_1928_4.jpg,4
./cow_dataset/GS_3020_8.jpg,4
./cow_dataset/YM_843_7.jpg,4
./cow_dataset/R-i3219.jpg,4
./cow_dataset/GS_218_4.jpg,4
./cow_dataset/GS_1321_7.jpg,4
./cow_dataset/R-i10946.jpg,4
./cow_dataset/R-i11087.jpg,4
./cow_dataset/YM_1216_5.jpg,4
./cow_dataset/YM_1565_6.jpg,4
./cow_dataset/YM_241_3.jpg,4
./cow_dataset/YM_389_4.jpg,4
./cow_dataset/GS_197_13.jpg,4
./cow_dataset/YM_1877_1.jpg,4
./cow_dataset/GS_962_6.jpg,4
./cow_dataset/GS_556_4.jpg,4
./cow_dataset/YM_224_5.jpg,4
./cow_dataset/YM_1395_5.jpg,4
./cow_dataset/YM_680_7.jpg,4
./cow_dataset/GS_1470_5.jpg,4
./cow_dataset/GS_1708_2.jpg,4
./cow_dataset/GS_637_8.jpg,4
./cow_dataset/GS_1579_3.jpg,4
./cow_dataset/L-i9279.jpg,4
./cow_dataset/GS_952_3.jpg,4
./cow_dataset/GS_2890_3.jpg,4
./cow_dataset/YM_1204_5.jpg,4
./cow_dataset/R-i10292.jpg,4
./cow_dataset/GS_3323_11.jpg,4
./cow_dataset/GS_3138_4.jpg,4
./cow_dataset/YM_348_2.jpg,4
./cow_dataset/YM_647_6.jpg,4
./cow_dataset/L-i7039.jpg,4
./cow_dataset/YM_1752_2.jpg,4
./cow_dataset/GS_1036_9.jpg,4
./cow_dataset/GS_2623_2.jpg,4
./cow_dataset/GS_70_2.jpg,4
./cow_dataset/GS_1758_6.jpg,4
./cow_dataset/GS_1443_10.jpg,4
./cow_dataset/GS_1071_13.jpg,4
./cow_dataset/GS_1491_5.jpg,4
./cow_dataset/GS_315_16.jpg,4
./cow_dataset/L-i9078.jpg,4
./cow_dataset/R-i3479.jpg,4
./cow_dataset/GS_298_18.jpg,4
./cow_dataset/GS_1966_3.jpg,4
./cow_dataset/L-i10431.jpg,4
./cow_dataset/GS_1663_8.jpg,4
./cow_dataset/YM_500_1.jpg,4
./cow_dataset/GS_2652_1.jpg,4
./cow_dataset/YM_59_1.jpg,4
./cow_dataset/YM_1609_2.jpg,4
./cow_dataset/YM_989_5.jpg,4
./cow_dataset/GS_1858_4.jpg,4
./cow_dataset/GS_3005_7.jpg,4
./cow_dataset/GS_1568_1.jpg,4
./cow_dataset/GS_2660_12.jpg,4
./cow_dataset/YM_677_1.jpg,4
./cow_dataset/YM_160_3.jpg,4
./cow_dataset/GS_126_3.jpg,4
./cow_dataset/YM_1389_4.jpg,4
./cow_dataset/YM_153_5.jpg,4
./cow_dataset/YM_444_3.jpg,4
./cow_dataset/YM_586_8.jpg,4
./cow_dataset/L-i7030.jpg,4
./cow_dataset/GS_1784_5.jpg,4
./cow_dataset/GS_1391_5.jpg,4
./cow_dataset/L-i5718.jpg,4
./cow_dataset/GS_1354_7.jpg,4
./cow_dataset/R-i9887.jpg,4
./cow_dataset/GS_3026_8.jpg,4
./cow_dataset/GS_2903_6.jpg,4
./cow_dataset/GS_3082_9.jpg,4
./cow_dataset/YM_1708_4.jpg,4
./cow_dataset/GS_965_6.jpg,4
./cow_dataset/YM_1544_1.jpg,4
./cow_dataset/GS_2873_3.jpg,4
./cow_dataset/GS_1765_6.jpg,4
./cow_dataset/GS_58_9.jpg,4
./cow_dataset/R-i10514.jpg,4
./cow_dataset/R-i10208.jpg,4
./cow_dataset/R-i7214.jpg,4
./cow_dataset/GS_3053_1.jpg,4
./cow_dataset/GS_365_6.jpg,4
./cow_dataset/R-i2657.jpg,4
./cow_dataset/L-i3598.jpg,4
./cow_dataset/GS_57_4.jpg,4
./cow_dataset/YM_131_14.jpg,4
./cow_dataset/GS_2608_5.jpg,4.25
./cow_dataset/GS_1425_2.jpg,4.25
./cow_dataset/YM_371_10.jpg,4.25
./cow_dataset/GS_3099_8.jpg,4.25
./cow_dataset/GS_3076_5.jpg,4.25
./cow_dataset/R-i6474.jpg,4.25
./cow_dataset/GS_1722_14.jpg,4.25
./cow_dataset/GS_332_21.jpg,4.25
./cow_dataset/GS_1787_4.jpg,4.25
./cow_dataset/GS_228_6.jpg,4.25
./cow_dataset/GS_1551_2.jpg,4.25
./cow_dataset/GS_277_25.jpg,4.25
./cow_dataset/L-i6559.jpg,4.25
./cow_dataset/L-i6087.jpg,4.25
./cow_dataset/GS_283_1.jpg,4.25
./cow_dataset/GS_2764_4.jpg,4.25
./cow_dataset/GS_1824_7.jpg,4.25
./cow_dataset/YM_1406_2.jpg,4.25
./cow_dataset/GS_1773_6.jpg,4.25
./cow_dataset/GS_332_8.jpg,4.25
./cow_dataset/GS_3127_7.jpg,4.25
./cow_dataset/YM_51_3.jpg,4.25
./cow_dataset/YM_931_1.jpg,4.25
./cow_dataset/YM_776_2.jpg,4.25
./cow_dataset/R-i7723.jpg,4.25
./cow_dataset/GS_2878_14.jpg,4.25
./cow_dataset/GS_1799_7.jpg,4.25
./cow_dataset/GS_1439_10.jpg,4.25
./cow_dataset/R-i6458.jpg,4.25
./cow_dataset/GS_1289_3.jpg,4.25
./cow_dataset/GS_2464_10.jpg,4.25
./cow_dataset/GS_440_9.jpg,4.25
./cow_dataset/L-i6657.jpg,4.25
./cow_dataset/YM_543_3.jpg,4.25
./cow_dataset/GS_1604_4.jpg,4.25
./cow_dataset/GS_323_6.jpg,4.25
./cow_dataset/YM_65_2.jpg,4.25
./cow_dataset/R-i7132.jpg,4.25
./cow_dataset/GS_145_14.jpg,4.25
./cow_dataset/GS_285_9.jpg,4.25
./cow_dataset/GS_674_4.jpg,4.25
./cow_dataset/GS_243_2.jpg,4.25
./cow_dataset/GS_1749_11.jpg,4.25
./cow_dataset/YM_753_5.jpg,4.25
./cow_dataset/GS_1625_1.jpg,4.25
./cow_dataset/GS_285_1.jpg,4.25
./cow_dataset/YM_945_2.jpg,4.25
./cow_dataset/L-i11278.jpg,4.25
./cow_dataset/YM_1353_6.jpg,4.25
./cow_dataset/YM_1417_7.jpg,4.25
./cow_dataset/GS_277_50.jpg,4.25
./cow_dataset/GS_1387_3.jpg,4.25
./cow_dataset/R-i6382.jpg,4.25
./cow_dataset/GS_2055_2.jpg,4.25
./cow_dataset/GS_1711_6.jpg,4.25
./cow_dataset/L-i3877.jpg,4.25
./cow_dataset/GS_1564_4.jpg,4.25
./cow_dataset/R-i6548.jpg,4.25
./cow_dataset/GS_1863_2.jpg,4.25
./cow_dataset/L-i6458.jpg,4.25
./cow_dataset/GS_1119_5.jpg,4.25
./cow_dataset/GS_3315_1.jpg,4.25
./cow_dataset/YM_513_7.jpg,4.25
./cow_dataset/GS_1937_10.jpg,4.25
./cow_dataset/GS_2042_3.jpg,4.25
./cow_dataset/GS_1595_4.jpg,4.25
./cow_dataset/GS_355_18.jpg,4.25
./cow_dataset/GS_1711_8.jpg,4.25
./cow_dataset/GS_821_9.jpg,4.25
./cow_dataset/L-i4849.jpg,4.25
./cow_dataset/GS_355_10.jpg,4.25
./cow_dataset/GS_1495_3.jpg,4.25
./cow_dataset/YM_80_2.jpg,4.25
./cow_dataset/GS_1769_7.jpg,4.25
./cow_dataset/GS_145_10.jpg,4.25
./cow_dataset/GS_406_3.jpg,4.25
./cow_dataset/YM_1417_5.jpg,4.25
./cow_dataset/GS_1921_6.jpg,4.25
./cow_dataset/GS_1740_8.jpg,4.25
./cow_dataset/L-i3887.jpg,4.25
./cow_dataset/R-i6093.jpg,4.25
./cow_dataset/GS_1435_8.jpg,4.25
./cow_dataset/GS_1501_15.jpg,4.25
./cow_dataset/YM_1604_2.jpg,4.25
./cow_dataset/GS_92_2.jpg,4.25
./cow_dataset/GS_303_3.jpg,4.25
./cow_dataset/GS_1615_2.jpg,4.25
./cow_dataset/GS_1605_6.jpg,4.25
./cow_dataset/GS_1471_11.jpg,4.25
./cow_dataset/GS_3198_10.jpg,4.25
./cow_dataset/GS_3100_1.jpg,4.25
./cow_dataset/GS_1769_1.jpg,4.25
./cow_dataset/GS_1615_7.jpg,4.25
./cow_dataset/GS_282_11.jpg,4.25
./cow_dataset/L-i6466.jpg,4.25
./cow_dataset/YM_163_5.jpg,4.25
./cow_dataset/YM_996_6.jpg,4.25
./cow_dataset/L-i11151.jpg,4.25
./cow_dataset/GS_2470_11.jpg,4.25
./cow_dataset/L-i6412.jpg,4.25
./cow_dataset/GS_3025_1.jpg,4.25
./cow_dataset/YM_1128_8.jpg,4.25
./cow_dataset/YM_584_4.jpg,4.25
./cow_dataset/YM_840_4.jpg,4.25
./cow_dataset/GS_1668_4.jpg,4.25
./cow_dataset/GS_2578_10.jpg,4.25
./cow_dataset/YM_1563_1.jpg,4.25
./cow_dataset/GS_1661_9.jpg,4.25
./cow_dataset/GS_1794_3.jpg,4.25
./cow_dataset/GS_282_6.jpg,4.25
./cow_dataset/GS_3127_5.jpg,4.25
./cow_dataset/GS_2479_4.jpg,4.25
./cow_dataset/YM_975_7.jpg,4.25
./cow_dataset/GS_1420_6.jpg,4.25
./cow_dataset/YM_1525_9.jpg,4.25
./cow_dataset/GS_3165_5.jpg,4.25
./cow_dataset/R-i6506.jpg,4.25
./cow_dataset/GS_1574_1.jpg,4.25
./cow_dataset/YM_119_6.jpg,4.25
./cow_dataset/GS_3025_2.jpg,4.25
./cow_dataset/GS_355_4.jpg,4.25
./cow_dataset/GS_3164_9.jpg,4.25
./cow_dataset/YM_251_1.jpg,4.25
./cow_dataset/GS_1618_2.jpg,4.25
./cow_dataset/GS_2980_2.jpg,4.25
./cow_dataset/GS_1753_9.jpg,4.25
./cow_dataset/GS_2423_4.jpg,4.25
./cow_dataset/L-i6098.jpg,4.25
./cow_dataset/GS_1503_5.jpg,4.25
./cow_dataset/R-i6460.jpg,4.25
./cow_dataset/YM_2000_3.jpg,4.25
./cow_dataset/YM_139_3.jpg,4.25
./cow_dataset/L-i7179.jpg,4.25
./cow_dataset/GS_1525_13.jpg,4.25
./cow_dataset/GS_1819_7.jpg,4.25
./cow_dataset/YM_1426_9.jpg,4.25
./cow_dataset/R-i6525.jpg,4.25
./cow_dataset/L-i7708.jpg,4.25
./cow_dataset/GS_1863_11.jpg,4.25
./cow_dataset/L-i3892.jpg,4.25
./cow_dataset/GS_2667_6.jpg,4.25
./cow_dataset/R-i3933.jpg,4.25
./cow_dataset/GS_1250_3.jpg,4.25
./cow_dataset/GS_1576_4.jpg,4.25
./cow_dataset/GS_2667_8.jpg,4.25
./cow_dataset/L-i3951.jpg,4.25
./cow_dataset/GS_982_4.jpg,4.25
./cow_dataset/R-i415.jpg,4.25
./cow_dataset/GS_2194_10.jpg,4.25
./cow_dataset/GS_265_11.jpg,4.25
./cow_dataset/GS_1394_1.jpg,4.25
./cow_dataset/YM_1470_3.jpg,4.25
./cow_dataset/GS_13_3.jpg,4.25
./cow_dataset/L-i6441.jpg,4.25
./cow_dataset/GS_2205_8.jpg,4.25
./cow_dataset/GS_2592_13.jpg,4.25
./cow_dataset/GS_2878_20.jpg,4.25
./cow_dataset/GS_1444_8.jpg,4.25
./cow_dataset/GS_3025_13.jpg,4.25
./cow_dataset/GS_3075_2.jpg,4.25
./cow_dataset/GS_1602_4.jpg,4.25
./cow_dataset/GS_3213_1.jpg,4.25
./cow_dataset/GS_938_5.jpg,4.25
./cow_dataset/YM_173_2.jpg,4.25
./cow_dataset/GS_19_5.jpg,4.25
./cow_dataset/L-i11293.jpg,4.25
./cow_dataset/GS_1261_7.jpg,4.25
./cow_dataset/YM_365_1.jpg,4.25
./cow_dataset/GS_1593_1.jpg,4.25
./cow_dataset/YM_1002_3.jpg,4.25
./cow_dataset/L-i6547.jpg,4.25
./cow_dataset/GS_2591_11.jpg,4.25
./cow_dataset/R-i6461.jpg,4.25
./cow_dataset/GS_277_33.jpg,4.25
./cow_dataset/YM_1339_5.jpg,4.25
./cow_dataset/GS_2553_8.jpg,4.25
./cow_dataset/GS_2446_2.jpg,4.25
./cow_dataset/L-i6439.jpg,4.25
./cow_dataset/GS_2458_7.jpg,4.25
./cow_dataset/L-i3889.jpg,4.25
./cow_dataset/GS_1566_7.jpg,4.25
./cow_dataset/L-i3953.jpg,4.25
./cow_dataset/YM_931_8.jpg,4.25
./cow_dataset/GS_52_4.jpg,4.25
./cow_dataset/GS_1503_7.jpg,4.25
./cow_dataset/YM_1144_9.jpg,4.25
./cow_dataset/YM_735_3.jpg,4.25
./cow_dataset/YM_196_4.jpg,4.25
./cow_dataset/GS_2016_3.jpg,4.25
./cow_dataset/YM_1108_7.jpg,4.25
./cow_dataset/GS_332_22.jpg,4.25
./cow_dataset/L-i6387.jpg,4.25
./cow_dataset/GS_238_5.jpg,4.25
./cow_dataset/GS_1873_6.jpg,4.25
./cow_dataset/GS_440_7.jpg,4.25
./cow_dataset/GS_229_8.jpg,4.25
./cow_dataset/YM_238_1.jpg,4.25
./cow_dataset/GS_285_2.jpg,4.25
./cow_dataset/GS_1633_7.jpg,4.25
./cow_dataset/GS_265_39.jpg,4.25