file,score,logprob,probability,top_1,top_1_prob,top_2,top_2_prob,top_3,top_3_prob,error
hf_cat_003593.jpg,5,-0.001058,0.998943,5,0.998943,4,0.000709,6,0.000335,
ox_Abyssinian_122.jpg,5,-0.001176,0.998825,5,0.998825,6,0.000552,4,0.000335,
ox_Bengal_28.jpg,5,-0.001177,0.998824,5,0.998824,4,0.000911,6,0.000158,
hf_cat_008916.jpg,5,-0.001573,0.998428,5,0.998428,4,0.000709,3,0.000380,
ox_Bengal_195.jpg,5,-0.002306,0.997697,5,0.997697,4,0.001168,6,0.000910,
hf_cat_009374.jpg,5,-0.002366,0.997636,5,0.997636,4,0.001168,3,0.000910,
hf_cat_004503.jpg,5,-0.002390,0.997613,5,0.997613,6,0.001926,4,0.000430,
hf_cat_008907.jpg,5,-0.002649,0.997354,5,0.997354,4,0.001925,6,0.000708,
hf_cat_001289.jpg,5,-0.003228,0.996777,5,0.996777,6,0.002471,4,0.000551,
ox_Abyssinian_172.jpg,5,-0.003599,0.996408,5,0.996408,6,0.002470,4,0.000909,
ox_Russian_Blue_76.jpg,5,-0.003678,0.996329,5,0.996329,4,0.003171,6,0.000139,
hf_cat_008731.jpg,5,-0.004274,0.995735,5,0.995735,4,0.000707,3,0.000551,
ox_Egyptian_Mau_81.jpg,5,-0.004774,0.995237,5,0.995237,4,0.004067,3,0.000295,
hf_cat_007714.jpg,5,-0.005571,0.994444,5,0.994444,6,0.004064,4,0.001164,
hf_cat_009306.jpg,5,-0.006547,0.993474,5,0.993474,4,0.005213,6,0.000706,
ox_Bengal_117.jpg,5,-0.006861,0.993162,5,0.993162,6,0.000906,4,0.000799,
ox_Abyssinian_99.jpg,5,-0.007235,0.992791,5,0.992791,6,0.003160,4,0.001493,
hf_cat_001477.jpg,5,-0.007577,0.992452,5,0.992452,4,0.006687,6,0.000549,
hf_cat_007542.jpg,7,-0.007705,0.992325,7,0.992325,8,0.005207,6,0.002460,
ox_Bombay_4.jpg,5,-0.007872,0.992159,5,0.992159,4,0.006685,6,0.000905,
hf_cat_007923.jpg,5,-0.008687,0.991351,5,0.991351,4,0.004051,6,0.000202,
ox_Abyssinian_22.jpg,5,-0.008706,0.991332,5,0.991332,4,0.008577,6,0.000074,
hf_cat_002297.jpg,5,-0.009721,0.990326,5,0.990326,6,0.008568,4,0.000621,
000000456491.jpg,5,-0.010932,0.989128,5,0.989128,6,0.006665,4,0.004042,
000000096056.jpg,5,-0.011168,0.988894,5,0.988894,6,0.006663,4,0.004041,
ox_Bombay_180.jpg,5,-0.011613,0.988455,5,0.988455,6,0.006660,4,0.001486,
hf_cat_001301.jpg,5,-0.012309,0.987767,5,0.987767,4,0.010973,3,0.000546,
ox_Russian_Blue_55.jpg,5,-0.012649,0.987431,5,0.987431,6,0.010969,4,0.000701,
hf_cat_007678.jpg,5,-0.013156,0.986930,5,0.986930,4,0.010964,3,0.001484,
hf_cat_000321.jpg,7,-0.013530,0.986561,7,0.986561,8,0.010960,6,0.002445,
hf_cat_005849.jpg,5,-0.014954,0.985158,5,0.985158,4,0.001902,6,0.000700,
hf_cat_003884.jpg,5,-0.015111,0.985002,5,0.985002,4,0.006637,6,0.000898,
hf_cat_008528.jpg,5,-0.015510,0.984610,5,0.984610,4,0.014045,3,0.000699,
hf_cat_008998.jpg,7,-0.016296,0.983836,7,0.983836,6,0.010929,8,0.005163,
hf_cat_007054.jpg,5,-0.016305,0.983827,5,0.983827,6,0.014034,4,0.001479,
hf_cat_008244.jpg,7,-0.016442,0.983693,7,0.983693,6,0.010928,8,0.005162,
000000184190.jpg,5,-0.016800,0.983340,5,0.983340,6,0.010924,4,0.001478,
ox_Abyssinian_33.jpg,3,-0.016951,0.983192,3,0.983192,4,0.010922,2,0.005846,
hf_cat_009534.jpg,5,-0.017166,0.982981,5,0.982981,4,0.001898,3,0.000616,
hf_cat_009029.jpg,7,-0.017404,0.982747,7,0.982747,8,0.014018,6,0.003128,
000000030356.jpg,7,-0.017775,0.982382,7,0.982382,6,0.010913,8,0.006619,
hf_cat_009823.jpg,5,-0.017866,0.982292,5,0.982292,6,0.008498,4,0.000423,
ox_Abyssinian_160.jpg,5,-0.017872,0.982287,5,0.982287,4,0.010912,6,0.000896,
hf_cat_008681.jpg,5,-0.017880,0.982279,5,0.982279,4,0.001896,3,0.000226,
hf_cat_000748.jpg,5,-0.018097,0.982066,5,0.982066,6,0.008497,4,0.006617,
hf_cat_011586.jpg,5,-0.018527,0.981643,5,0.981643,4,0.014002,6,0.000895,
ox_Abyssinian_170.jpg,5,-0.018585,0.981587,5,0.981587,4,0.017978,3,0.000226,
000000408736.jpg,5,-0.018667,0.981506,5,0.981506,4,0.006613,6,0.006613,
hf_cat_005732.jpg,7,-0.018859,0.981317,7,0.981317,8,0.017973,6,0.000697,
hf_cat_003014.jpg,5,-0.018908,0.981270,5,0.981270,4,0.008490,6,0.008490,
hf_cat_000153.jpg,7,-0.019052,0.981128,7,0.981128,8,0.017970,6,0.000895,
hf_cat_004313.jpg,5,-0.019313,0.980873,5,0.980873,6,0.013991,4,0.000894,
000000520531.jpg,7,-0.019397,0.980790,7,0.980790,6,0.013990,8,0.005147,
hf_cat_002613.jpg,7,-0.019506,0.980683,7,0.980683,6,0.013989,8,0.005146,
hf_cat_009951.jpg,3,-0.019525,0.980665,3,0.980665,4,0.013988,2,0.005146,
hf_cat_008138.jpg,7,-0.019593,0.980597,7,0.980597,6,0.010893,8,0.008484,
hf_cat_010870.jpg,5,-0.019614,0.980577,5,0.980577,4,0.003121,3,0.000542,
000000128300.jpg,7,-0.019638,0.980553,7,0.980553,6,0.010893,8,0.008483,
ox_Egyptian_Mau_144.jpg,5,-0.019733,0.980461,5,0.980461,6,0.004007,4,0.001148,
000000268570.jpg,7,-0.019852,0.980344,7,0.980344,6,0.017956,8,0.001474,
hf_cat_010923.jpg,5,-0.020274,0.979930,5,0.979930,4,0.001892,3,0.000894,
000000470206.jpg,5,-0.020722,0.979491,5,0.979491,6,0.013972,4,0.001891,
ox_Bombay_135.jpg,5,-0.020746,0.979467,5,0.979467,6,0.008474,4,0.003117,
000000206387.jpg,7,-0.020911,0.979306,7,0.979306,8,0.013969,6,0.006599,
ox_Egyptian_Mau_102.jpg,5,-0.020973,0.979245,5,0.979245,4,0.010878,6,0.001147,
000000475634.jpg,7,-0.021329,0.978897,7,0.978897,6,0.017929,8,0.003116,
hf_cat_008530.jpg,5,-0.021654,0.978579,5,0.978579,4,0.013959,6,0.001471,
ox_Siamese_108.jpg,5,-0.021853,0.978384,5,0.978384,6,0.017920,7,0.000256,
ox_Bengal_17.jpg,5,-0.021878,0.978360,5,0.978360,6,0.013956,4,0.005134,
hf_cat_002664.jpg,5,-0.022060,0.978182,5,0.978182,6,0.003113,4,0.000290,
hf_cat_010329.jpg,5,-0.022178,0.978067,5,0.978067,6,0.017914,4,0.000695,
000000372983.jpg,7,-0.022702,0.977554,7,0.977554,8,0.013944,6,0.008457,
ox_Abyssinian_1.jpg,5,-0.023043,0.977221,5,0.977221,4,0.003110,6,0.001469,
000000124850.jpg,5,-0.023119,0.977146,5,0.977146,4,0.017897,6,0.003993,
ox_Bengal_13.jpg,5,-0.023395,0.976877,5,0.976877,4,0.022974,6,0.000121,
ox_Egyptian_Mau_29.jpg,5,-0.023427,0.976845,5,0.976845,4,0.022973,6,0.000155,
hf_cat_000722.jpg,5,-0.023502,0.976772,5,0.976772,6,0.006581,4,0.001469,
ox_Abyssinian_71.jpg,5,-0.023578,0.976698,5,0.976698,4,0.022970,6,0.000225,
000000057839.jpg,5,-0.023952,0.976333,5,0.976333,6,0.010846,4,0.003990,
hf_cat_002583.jpg,5,-0.024238,0.976053,5,0.976053,4,0.022955,3,0.000693,
ox_Abyssinian_32.jpg,5,-0.024744,0.975560,5,0.975560,4,0.022943,6,0.000785,
ox_Abyssinian_165.jpg,5,-0.024774,0.975530,5,0.975530,6,0.013915,4,0.005119,
000000344024.jpg,7,-0.024839,0.975467,7,0.975467,6,0.017866,8,0.006573,
000000412807.jpg,7,-0.025179,0.975136,7,0.975136,8,0.013910,6,0.010833,
ox_Egyptian_Mau_113.jpg,5,-0.025382,0.974938,5,0.974938,4,0.017857,6,0.003103,
000000118480.jpg,7,-0.025722,0.974606,7,0.974606,6,0.022921,8,0.002416,
000000301697.jpg,5,-0.025906,0.974426,5,0.974426,6,0.017847,4,0.005113,
000000036523.jpg,5,-0.025928,0.974405,5,0.974405,6,0.013899,4,0.006565,
hf_cat_008986.jpg,5,-0.026356,0.973988,5,0.973988,4,0.005111,6,0.002414,
000000116065.jpg,7,-0.026758,0.973597,7,0.973597,8,0.017832,6,0.008423,
hf_cat_007919.jpg,5,-0.026879,0.973479,5,0.973479,4,0.003978,6,0.002413,
hf_cat_010675.jpg,5,-0.027262,0.973106,5,0.973106,4,0.002412,6,0.000783,
hf_cat_007781.jpg,5,-0.027513,0.972863,5,0.972863,6,0.017819,7,0.000538,
000000383406.jpg,5,-0.028234,0.972160,5,0.972160,6,0.001138,7,0.000326,
000000283355.jpg,7,-0.028618,0.971788,7,0.971788,6,0.013862,8,0.013862,
hf_cat_002215.jpg,7,-0.028632,0.971774,7,0.971774,6,0.022854,8,0.005099,
hf_cat_002333.jpg,3,-0.028641,0.971765,3,0.971765,4,0.022854,2,0.005099,
hf_cat_004903.jpg,5,-0.028972,0.971444,5,0.971444,6,0.002408,4,0.001875,
hf_cat_002844.jpg,7,-0.029091,0.971328,7,0.971328,6,0.017790,8,0.010790,
000000020207.jpg,5,-0.030172,0.970279,5,0.970279,4,0.029300,3,0.000197,
000000118997.jpg,7,-0.030312,0.970143,7,0.970143,8,0.029296,6,0.000537,
000000558073.jpg,7,-0.030322,0.970133,7,0.970133,8,0.029295,6,0.000537,
ox_Abyssinian_73.jpg,5,-0.030479,0.969981,5,0.969981,4,0.029291,3,0.000418,
hf_cat_009223.jpg,5,-0.030946,0.969528,5,0.969528,4,0.017758,6,0.000884,
hf_cat_001329.jpg,7,-0.030968,0.969506,7,0.969506,8,0.029277,6,0.000884,
000000520091.jpg,5,-0.030997,0.969479,5,0.969479,6,0.022800,4,0.000536,
hf_cat_007943.jpg,5,-0.031083,0.969396,5,0.969396,6,0.017755,4,0.008387,
000000506151.jpg,7,-0.031239,0.969244,7,0.969244,8,0.029269,6,0.001457,
hf_cat_010695.jpg,5,-0.031439,0.969050,5,0.969050,3,0.013823,4,0.013823,
ox_British_Shorthair_151.jpg,7,-0.031760,0.968739,7,0.968739,6,0.022783,8,0.008381,
hf_cat_003981.jpg,7,-0.032339,0.968179,7,0.968179,8,0.017733,6,0.013810,
000000084362.jpg,7,-0.032506,0.968016,7,0.968016,8,0.017730,6,0.013808,
ox_Bombay_108.jpg,5,-0.032636,0.967891,5,0.967891,6,0.013806,4,0.000223,
000000479440.jpg,7,-0.032782,0.967749,7,0.967749,6,0.029223,8,0.002399,
hf_cat_004433.jpg,5,-0.033104,0.967438,5,0.967438,4,0.002398,3,0.001454,
ox_Bombay_6.jpg,5,-0.033710,0.966852,5,0.966852,6,0.002397,4,0.001132,
000000564655.jpg,5,-0.033757,0.966806,5,0.966806,6,0.013791,7,0.000416,
000000268141.jpg,7,-0.033796,0.966769,7,0.966769,8,0.029194,6,0.003951,
hf_cat_010988.jpg,3,-0.033900,0.966668,3,0.966668,4,0.022734,2,0.008363,
hf_cat_007655.jpg,5,-0.034012,0.966560,5,0.966560,4,0.029188,3,0.000881,
hf_cat_004427.jpg,7,-0.034095,0.966479,7,0.966479,8,0.022729,6,0.010737,
000000459093.jpg,5,-0.034464,0.966124,5,0.966124,6,0.022721,4,0.010733,
hf_cat_000598.jpg,7,-0.035058,0.965549,7,0.965549,6,0.029157,8,0.005067,
hf_cat_010756.jpg,5,-0.035093,0.965516,5,0.965516,4,0.022707,3,0.002393,
ox_Egyptian_Mau_62.jpg,5,-0.035240,0.965374,5,0.965374,6,0.003073,4,0.000880,
hf_cat_001922.jpg,5,-0.035707,0.964923,5,0.964923,4,0.029138,3,0.005063,
hf_cat_005174.jpg,5,-0.035991,0.964649,5,0.964649,4,0.008346,6,0.003942,
ox_British_Shorthair_108.jpg,7,-0.036090,0.964553,7,0.964553,6,0.029127,8,0.005062,
hf_cat_008005.jpg,5,-0.036091,0.964552,5,0.964552,4,0.005062,3,0.003942,
hf_cat_007217.jpg,7,-0.036365,0.964288,7,0.964288,8,0.022678,6,0.010712,
000000262549.jpg,7,-0.036830,0.963840,7,0.963840,6,0.029105,8,0.006494,
000000458166.jpg,7,-0.037091,0.963588,7,0.963588,6,0.017649,8,0.017649,
hf_cat_010212.jpg,3,-0.037154,0.963528,3,0.963528,2,0.022660,4,0.013744,
ox_Egyptian_Mau_123.jpg,5,-0.038142,0.962576,5,0.962576,6,0.029067,4,0.001447,
hf_cat_008607.jpg,5,-0.038174,0.962545,5,0.962545,6,0.029066,7,0.001127,
hf_cat_007913.jpg,7,-0.038366,0.962361,7,0.962361,6,0.029061,8,0.008326,
hf_cat_010766.jpg,7,-0.039365,0.961400,7,0.961400,8,0.029032,6,0.008318,
hf_cat_004131.jpg,5,-0.039670,0.961107,5,0.961107,6,0.037266,7,0.000414,
ox_Russian_Blue_73.jpg,5,-0.040208,0.960589,5,0.960589,6,0.017594,4,0.010671,
000000430567.jpg,5,-0.040253,0.960546,5,0.960546,6,0.008310,4,0.001854,
000000425914.jpg,7,-0.040473,0.960335,7,0.960335,8,0.037236,6,0.002380,
000000553761.jpg,7,-0.040492,0.960317,7,0.960317,8,0.037236,6,0.002380,
000000131434.jpg,3,-0.040523,0.960287,3,0.960287,2,0.028998,4,0.010668,
hf_cat_008740.jpg,7,-0.040593,0.960220,7,0.960220,6,0.028996,8,0.010667,
ox_Egyptian_Mau_151.jpg,5,-0.040998,0.959831,5,0.959831,6,0.001124,4,0.000875,
ox_Egyptian_Mau_141.jpg,5,-0.042608,0.958287,5,0.958287,6,0.017552,4,0.000321,
ox_Egyptian_Mau_181.jpg,5,-0.042911,0.957997,5,0.957997,6,0.010642,4,0.001440,
000000571328.jpg,7,-0.043246,0.957676,7,0.957676,6,0.037133,8,0.005025,
ox_Bengal_20.jpg,5,-0.043881,0.957068,5,0.957068,6,0.037110,4,0.001121,
hf_cat_002546.jpg,5,-0.045234,0.955774,5,0.955774,4,0.002369,6,0.000412,
hf_cat_011019.jpg,5,-0.046075,0.954970,5,0.954970,4,0.010609,6,0.005011,
ox_Ragdoll_41.jpg,7,-0.046318,0.954738,7,0.954738,6,0.037019,8,0.003902,
hf_cat_007006.jpg,7,-0.046607,0.954463,7,0.954463,8,0.037009,6,0.008258,
000000551994.jpg,7,-0.046685,0.954388,7,0.954388,6,0.037006,8,0.008257,
hf_cat_009887.jpg,3,-0.046897,0.954186,3,0.954186,4,0.036998,2,0.003900,
hf_cat_005964.jpg,5,-0.047886,0.953243,5,0.953243,4,0.036961,3,0.005002,
hf_cat_008564.jpg,5,-0.047924,0.953206,5,0.953206,4,0.013597,6,0.010589,
hf_cat_002298.jpg,5,-0.048121,0.953018,5,0.953018,6,0.022413,4,0.006421,
000000467197.jpg,7,-0.049034,0.952149,7,0.952149,8,0.047405,6,0.000410,
hf_cat_002158.jpg,7,-0.049222,0.951970,7,0.951970,6,0.036912,8,0.010575,
hf_cat_002860.jpg,7,-0.049318,0.951878,7,0.951878,8,0.047391,6,0.000676,
ox_Egyptian_Mau_139.jpg,5,-0.049580,0.951629,5,0.951629,6,0.004994,4,0.001263,
hf_cat_002639.jpg,3,-0.050340,0.950906,3,0.950906,4,0.047343,2,0.000867,
ox_Egyptian_Mau_161.jpg,5,-0.050682,0.950581,5,0.950581,4,0.017411,6,0.001835,
000000372870.jpg,5,-0.050687,0.950576,5,0.950576,4,0.028705,6,0.017410,
hf_cat_011197.jpg,5,-0.051422,0.949878,5,0.949878,6,0.047292,4,0.001428,
hf_cat_003352.jpg,7,-0.051531,0.949774,7,0.949774,6,0.047286,8,0.002354,
000000579008.jpg,7,-0.051742,0.949574,7,0.949574,8,0.047277,6,0.003022,
ox_Birman_167.jpg,7,-0.051888,0.949435,7,0.949435,8,0.036814,6,0.013543,
000000412781.jpg,7,-0.052469,0.948884,7,0.948884,6,0.028654,8,0.022316,
hf_cat_003899.jpg,7,-0.052481,0.948873,7,0.948873,8,0.028653,6,0.022315,
000000248381.jpg,7,-0.052599,0.948761,7,0.948761,6,0.036787,8,0.013533,
hf_cat_004940.jpg,5,-0.052674,0.948689,5,0.948689,6,0.047232,7,0.002352,
hf_cat_001578.jpg,7,-0.052696,0.948669,7,0.948669,6,0.047231,8,0.003877,
ox_Russian_Blue_13.jpg,5,-0.052699,0.948665,5,0.948665,4,0.028647,3,0.022310,
ox_Bengal_169.jpg,5,-0.052735,0.948631,5,0.948631,6,0.028646,4,0.004978,
hf_cat_004184.jpg,3,-0.052793,0.948576,3,0.948576,4,0.047227,2,0.003019,
hf_cat_001459.jpg,5,-0.053346,0.948052,5,0.948052,4,0.036760,6,0.010532,
hf_cat_004026.jpg,7,-0.053779,0.947642,7,0.947642,6,0.047180,8,0.004973,
000000237917.jpg,5,-0.054053,0.947382,5,0.947382,6,0.036734,7,0.001109,
ox_Bombay_48.jpg,5,-0.054696,0.946773,5,0.946773,6,0.047137,7,0.000863,
hf_cat_002658.jpg,5,-0.054705,0.946764,5,0.946764,6,0.036710,4,0.008191,
000000332439.jpg,8,-0.054990,0.946495,8,0.946495,7,0.047123,9,0.006377,
000000477758.jpg,7,-0.055357,0.946148,7,0.946148,6,0.047106,8,0.006375,
000000426778.jpg,7,-0.055551,0.945964,7,0.945964,6,0.047097,8,0.004964,
hf_cat_010131.jpg,3,-0.055582,0.945934,3,0.945934,4,0.036678,2,0.017325,
hf_cat_010246.jpg,5,-0.056824,0.944760,5,0.944760,4,0.022219,3,0.001824,
000000048530.jpg,7,-0.057147,0.944455,7,0.944455,8,0.047022,6,0.008171,
000000472314.jpg,5,-0.057521,0.944102,5,0.944102,4,0.003005,6,0.002340,
hf_cat_004804.jpg,5,-0.057531,0.944092,5,0.944092,4,0.013467,3,0.004954,
hf_cat_001080.jpg,5,-0.057779,0.943858,5,0.943858,6,0.036597,7,0.003857,
hf_cat_010696.jpg,5,-0.058392,0.943280,5,0.943280,4,0.046963,6,0.003002,
000000396326.jpg,5,-0.058769,0.942924,5,0.942924,6,0.046945,7,0.001820,
hf_cat_000819.jpg,7,-0.059568,0.942171,7,0.942171,6,0.046908,8,0.010467,
000000348767.jpg,7,-0.059702,0.942046,7,0.942046,8,0.046902,6,0.010465,
000000360178.jpg,8,-0.060434,0.941356,8,0.941356,7,0.036500,9,0.022139,
000000550265.jpg,8,-0.060436,0.941354,8,0.941354,7,0.036500,9,0.022139,
000000017345.jpg,2,-0.060439,0.941351,2,0.941351,1,0.036500,3,0.022138,
hf_cat_008178.jpg,5,-0.060501,0.941293,5,0.941293,4,0.028425,6,0.001415,
ox_Siamese_195.jpg,5,-0.060991,0.940832,5,0.940832,6,0.017232,7,0.000246,
000000383640.jpg,5,-0.061252,0.940586,5,0.940586,6,0.017227,4,0.004936,
ox_Bengal_41.jpg,5,-0.061384,0.940462,5,0.940462,6,0.028399,4,0.001816,
ox_Russian_Blue_53.jpg,5,-0.062680,0.939244,5,0.939244,4,0.060044,6,0.000667,
hf_cat_005756.jpg,5,-0.062695,0.939230,5,0.939230,4,0.060043,6,0.000405,
hf_cat_010853.jpg,7,-0.062946,0.938994,7,0.938994,8,0.060028,6,0.000856,
000000159457.jpg,7,-0.062983,0.938960,7,0.938960,6,0.046748,8,0.013394,
000000389969.jpg,7,-0.063249,0.938709,7,0.938709,8,0.060010,6,0.001099,
hf_cat_010532.jpg,7,-0.063804,0.938189,7,0.938189,6,0.059976,8,0.001411,
hf_cat_001930.jpg,7,-0.063919,0.938081,7,0.938081,6,0.059970,8,0.001811,
ox_Siamese_153.jpg,5,-0.064015,0.937991,5,0.937991,6,0.013380,7,0.000357,
hf_cat_009062.jpg,5,-0.064193,0.937824,5,0.937824,6,0.036363,4,0.022056,
hf_cat_010957.jpg,5,-0.064604,0.937438,5,0.937438,4,0.001098,6,0.000245,
hf_cat_009678.jpg,7,-0.065522,0.936579,7,0.936579,6,0.059873,8,0.002322,
000000533239.jpg,7,-0.066226,0.935920,7,0.935920,6,0.046597,8,0.017142,
000000548141.jpg,5,-0.066331,0.935821,5,0.935821,6,0.059825,4,0.001407,
ox_Abyssinian_97.jpg,5,-0.066636,0.935536,5,0.935536,4,0.028251,6,0.022002,
ox_Abyssinian_156.jpg,5,-0.066812,0.935371,5,0.935371,6,0.059796,4,0.000517,
hf_cat_005550.jpg,7,-0.067008,0.935187,7,0.935187,6,0.036261,8,0.028240,
hf_cat_001984.jpg,5,-0.067082,0.935118,5,0.935118,4,0.059780,6,0.004907,
hf_cat_003859.jpg,5,-0.067083,0.935118,5,0.935118,4,0.046557,3,0.004907,
hf_cat_007565.jpg,7,-0.067211,0.934998,7,0.934998,8,0.059772,6,0.004906,
000000524572.jpg,5,-0.067360,0.934859,5,0.934859,6,0.059764,7,0.001406,
hf_cat_005534.jpg,5,-0.067554,0.934677,5,0.934677,4,0.008087,6,0.008087,
000000537022.jpg,7,-0.068124,0.934145,7,0.934145,8,0.036221,6,0.028209,
hf_cat_001019.jpg,7,-0.069407,0.932947,7,0.932947,6,0.059641,8,0.006286,
000000383435.jpg,5,-0.069526,0.932836,5,0.932836,4,0.028169,6,0.010363,
000000022326.jpg,5,-0.069814,0.932568,5,0.932568,6,0.059617,7,0.002312,
hf_cat_007677.jpg,5,-0.070322,0.932093,5,0.932093,4,0.003809,6,0.002967,
hf_cat_007009.jpg,7,-0.070438,0.931986,7,0.931986,8,0.059580,6,0.008063,
000000455660.jpg,7,-0.070730,0.931714,7,0.931714,6,0.059562,8,0.008061,
hf_cat_003817.jpg,7,-0.071298,0.931185,7,0.931185,6,0.059529,8,0.004886,
hf_cat_003458.jpg,5,-0.072049,0.930485,5,0.930485,6,0.059484,4,0.003803,
ox_Bengal_39.jpg,5,-0.072258,0.930291,5,0.930291,6,0.028092,4,0.004882,
hf_cat_007018.jpg,7,-0.074014,0.928659,7,0.928659,6,0.059367,8,0.006257,
hf_cat_008647.jpg,5,-0.074388,0.928312,5,0.928312,6,0.059345,4,0.010313,
000000500471.jpg,7,-0.074932,0.927806,7,0.927806,6,0.059313,8,0.010307,
ox_Bengal_113.jpg,5,-0.075099,0.927652,5,0.927652,6,0.046185,4,0.002299,
ox_British_Shorthair_8.jpg,5,-0.075570,0.927215,5,0.927215,6,0.059275,7,0.004866,
hf_cat_003637.jpg,5,-0.076111,0.926713,5,0.926713,4,0.021794,6,0.003787,
hf_cat_010663.jpg,3,-0.076299,0.926539,3,0.926539,4,0.059232,2,0.006243,
hf_cat_005981.jpg,5,-0.076774,0.926099,5,0.926099,6,0.010288,4,0.002948,
000000019131.jpg,8,-0.076953,0.925934,8,0.925934,7,0.046100,9,0.027961,
000000277793.jpg,7,-0.077461,0.925464,7,0.925464,6,0.046076,8,0.027947,
ox_Maine_Coon_148.jpg,7,-0.077763,0.925183,7,0.925183,8,0.046062,6,0.027938,
ox_Russian_Blue_93.jpg,5,-0.078329,0.924661,5,0.924661,4,0.059112,3,0.000657,
000000323717.jpg,5,-0.078496,0.924505,5,0.924505,6,0.059102,7,0.004851,
hf_cat_000148.jpg,3,-0.078529,0.924475,3,0.924475,4,0.059100,2,0.013187,
000000371258.jpg,8,-0.079040,0.924003,8,0.924003,9,0.059070,7,0.016924,
ox_Siamese_69.jpg,7,-0.079771,0.923328,7,0.923328,6,0.059026,8,0.016911,
000000214671.jpg,5,-0.080282,0.922856,5,0.922856,4,0.013164,6,0.002937,
ox_Siamese_148.jpg,5,-0.080903,0.922283,5,0.922283,6,0.027851,4,0.001780,
ox_Egyptian_Mau_39.jpg,5,-0.081088,0.922113,5,0.922113,4,0.075692,3,0.001571,
000000390322.jpg,5,-0.081709,0.921540,5,0.921540,6,0.075645,7,0.000742,
ox_Bengal_11.jpg,5,-0.081855,0.921406,5,0.921406,4,0.058903,6,0.016876,
000000274239.jpg,7,-0.081895,0.921368,7,0.921368,8,0.075631,6,0.002588,
hf_cat_000755.jpg,5,-0.082971,0.920378,5,0.920378,6,0.004830,4,0.002281,
hf_cat_000949.jpg,7,-0.083083,0.920275,7,0.920275,6,0.075541,8,0.003761,
hf_cat_001203.jpg,7,-0.083721,0.919688,7,0.919688,6,0.075493,8,0.003759,
hf_cat_004646.jpg,5,-0.083999,0.919432,5,0.919432,4,0.007955,3,0.002926,
000000482452.jpg,7,-0.084257,0.919195,7,0.919195,6,0.075452,8,0.004823,
000000168847.jpg,5,-0.084337,0.919121,5,0.919121,4,0.075446,6,0.003756,
hf_cat_002743.jpg,5,-0.085267,0.918267,5,0.918267,6,0.016819,4,0.004819,
hf_cat_008157.jpg,5,-0.086065,0.917534,5,0.917534,4,0.021578,6,0.001771,
000000371773.jpg,5,-0.086177,0.917431,5,0.917431,4,0.075307,6,0.002274,
000000562150.jpg,5,-0.087005,0.916673,5,0.916673,4,0.001770,3,0.000836,
hf_cat_009009.jpg,5,-0.088152,0.915622,5,0.915622,4,0.035503,3,0.010172,
hf_cat_005238.jpg,5,-0.088262,0.915521,5,0.915521,3,0.002269,4,0.001767,
hf_cat_011699.jpg,3,-0.089214,0.914650,3,0.914650,2,0.075079,4,0.010161,
ox_British_Shorthair_165.jpg,7,-0.089403,0.914477,7,0.914477,6,0.075065,8,0.010159,
000000172163.jpg,5,-0.089473,0.914413,5,0.914413,6,0.035456,4,0.003737,
hf_cat_002545.jpg,5,-0.089701,0.914204,5,0.914204,6,0.075042,4,0.004797,
hf_cat_000758.jpg,7,-0.089867,0.914053,7,0.914053,6,0.075030,8,0.010154,
hf_cat_001421.jpg,5,-0.090219,0.913731,5,0.913731,6,0.004795,4,0.002265,
hf_cat_007324.jpg,5,-0.090409,0.913557,5,0.913557,4,0.035422,3,0.010149,
hf_cat_006293.jpg,5,-0.090741,0.913254,5,0.913254,4,0.074964,6,0.010145,
hf_cat_002270.jpg,5,-0.092620,0.911540,5,0.911540,6,0.058273,4,0.027526,
ox_Ragdoll_203.jpg,5,-0.093059,0.911139,5,0.911139,6,0.027514,7,0.001370,
ox_Bengal_6.jpg,5,-0.093148,0.911058,5,0.911058,6,0.074784,7,0.000733,
hf_cat_010762.jpg,5,-0.093887,0.910385,5,0.910385,6,0.027491,7,0.001757,
ox_Russian_Blue_101.jpg,5,-0.094622,0.909717,5,0.909717,6,0.074674,7,0.002255,
000000364725.jpg,7,-0.096376,0.908123,7,0.908123,6,0.074543,8,0.016633,
000000486361.jpg,5,-0.096567,0.907949,5,0.907949,4,0.027418,6,0.027418,
000000168375.jpg,3,-0.096945,0.907606,3,0.907606,2,0.074501,4,0.016623,
ox_Abyssinian_111.jpg,5,-0.097960,0.906686,5,0.906686,6,0.074425,7,0.001750,
hf_cat_008284.jpg,5,-0.099634,0.905168,5,0.905168,6,0.074301,4,0.006099,
hf_cat_008550.jpg,5,-0.100895,0.904028,5,0.904028,6,0.016558,4,0.003695,
hf_cat_001933.jpg,5,-0.101343,0.903623,5,0.903623,6,0.027287,4,0.010038,
000000135158.jpg,7,-0.101765,0.903242,7,0.903242,6,0.095201,8,0.001358,
hf_cat_008286.jpg,7,-0.101779,0.903229,7,0.903229,6,0.095200,5,0.001058,
ox_Russian_Blue_147.jpg,7,-0.101877,0.903141,7,0.903141,8,0.095190,6,0.001358,
hf_cat_010699.jpg,5,-0.102145,0.902899,5,0.902899,4,0.095165,6,0.001743,
ox_British_Shorthair_33.jpg,7,-0.102693,0.902404,7,0.902404,6,0.095113,8,0.002237,
ox_British_Shorthair_43.jpg,7,-0.103102,0.902035,7,0.902035,6,0.095074,8,0.002236,
hf_cat_006530.jpg,7,-0.103769,0.901434,7,0.901434,6,0.095010,8,0.002869,
hf_cat_004856.jpg,3,-0.103930,0.901288,3,0.901288,4,0.094995,5,0.002869,
hf_cat_004736.jpg,7,-0.103981,0.901243,7,0.901243,6,0.094990,8,0.002234,
hf_cat_011223.jpg,7,-0.104014,0.901213,7,0.901213,8,0.094987,6,0.002234,
000000421028.jpg,7,-0.104144,0.901096,7,0.901096,8,0.094975,6,0.003683,
hf_cat_008494.jpg,5,-0.104617,0.900669,5,0.900669,6,0.002233,4,0.001739,
hf_cat_002459.jpg,7,-0.105589,0.899794,7,0.899794,6,0.094838,8,0.004722,
hf_cat_008137.jpg,7,-0.106912,0.898605,7,0.898605,6,0.094712,8,0.002860,
ox_Abyssinian_173.jpg,5,-0.107263,0.898289,5,0.898289,4,0.094679,3,0.006859,
ox_Russian_Blue_43.jpg,5,-0.109194,0.896556,5,0.896556,6,0.021085,4,0.007757,
ox_British_Shorthair_32.jpg,7,-0.109236,0.896519,7,0.896519,8,0.094492,6,0.007756,
000000476530.jpg,7,-0.109665,0.896134,7,0.896134,6,0.094452,8,0.007753,
hf_cat_004488.jpg,5,-0.110020,0.895816,5,0.895816,4,0.003661,6,0.001729,
hf_cat_007571.jpg,5,-0.110081,0.895762,5,0.895762,6,0.044597,7,0.001347,
000000359037.jpg,5,-0.110135,0.895713,5,0.895713,6,0.006035,4,0.002851,
000000201348.jpg,5,-0.110422,0.895456,5,0.895456,6,0.094380,4,0.003660,
000000552553.jpg,7,-0.110458,0.895424,7,0.895424,6,0.057243,8,0.044581,
000000237413.jpg,7,-0.110526,0.895363,7,0.895363,6,0.094371,8,0.009947,
hf_cat_001632.jpg,7,-0.111508,0.894484,7,0.894484,6,0.094278,8,0.009937,
000000564273.jpg,8,-0.111560,0.894438,8,0.894438,7,0.094273,9,0.011259,
hf_cat_010986.jpg,7,-0.111656,0.894352,7,0.894352,6,0.094264,8,0.009935,
000000510006.jpg,5,-0.112103,0.893952,5,0.893952,6,0.073380,7,0.003653,
000000560685.jpg,5,-0.112979,0.893170,5,0.893170,6,0.073316,4,0.002843,
hf_cat_001992.jpg,3,-0.113332,0.892854,3,0.892854,2,0.094106,4,0.012736,
000000422910.jpg,7,-0.113861,0.892382,7,0.892382,6,0.094056,8,0.009913,
hf_cat_010697.jpg,7,-0.114041,0.892221,7,0.892221,6,0.094039,8,0.007719,
hf_cat_010593.jpg,5,-0.114070,0.892195,5,0.892195,6,0.003646,4,0.003646,
000000254139.jpg,8,-0.114111,0.892159,8,0.892159,7,0.073233,9,0.034593,
hf_cat_005884.jpg,5,-0.114147,0.892126,5,0.892126,6,0.057032,4,0.034591,
hf_cat_007920.jpg,5,-0.114422,0.891881,5,0.891881,6,0.009908,4,0.002211,
000000581309.jpg,8,-0.116647,0.889899,8,0.889899,7,0.093795,9,0.016299,
hf_cat_000994.jpg,3,-0.116889,0.889684,3,0.889684,4,0.093772,2,0.016295,
hf_cat_000840.jpg,4,-0.116895,0.889679,4,0.889679,3,0.093771,5,0.016295,
hf_cat_005357.jpg,5,-0.117174,0.889431,5,0.889431,6,0.009881,4,0.005993,
hf_cat_007953.jpg,5,-0.117666,0.888993,5,0.888993,6,0.034470,7,0.001716,
hf_cat_003987.jpg,5,-0.118074,0.888630,5,0.888630,4,0.093661,6,0.007688,
000000581157.jpg,7,-0.118157,0.888556,7,0.888556,8,0.072937,6,0.034453,
000000360157.jpg,7,-0.118929,0.887871,7,0.887871,6,0.093581,8,0.016262,
hf_cat_003271.jpg,5,-0.119531,0.887337,5,0.887337,4,0.093525,6,0.005979,
000000305338.jpg,7,-0.120087,0.886843,7,0.886843,6,0.093473,8,0.002823,
hf_cat_000628.jpg,5,-0.120577,0.886409,5,0.886409,6,0.072761,4,0.034370,
hf_cat_003372.jpg,5,-0.122243,0.884933,5,0.884933,6,0.020812,7,0.000204,
000000309160.jpg,5,-0.122894,0.884358,5,0.884358,6,0.056535,7,0.001173,
hf_cat_002549.jpg,5,-0.125539,0.882021,5,0.882021,4,0.012581,3,0.001703,
hf_cat_004199.jpg,8,-0.127163,0.880590,8,0.880590,9,0.092814,7,0.026592,
000000499571.jpg,1,-0.127554,0.880246,1,0.880246,2,0.119128,3,0.000625,
hf_cat_010885.jpg,4,-0.127619,0.880189,4,0.880189,5,0.092771,3,0.026579,
000000329319.jpg,3,-0.128026,0.879831,3,0.879831,4,0.119072,2,0.000708,
000000463883.jpg,7,-0.128032,0.879825,7,0.879825,6,0.119071,8,0.000802,
hf_cat_006054.jpg,5,-0.128164,0.879709,5,0.879709,4,0.092721,6,0.020689,
000000455203.jpg,7,-0.128194,0.879683,7,0.879683,8,0.119052,6,0.000708,
hf_cat_007159.jpg,7,-0.128766,0.879180,7,0.879180,8,0.118984,6,0.001029,
hf_cat_001024.jpg,3,-0.129071,0.878912,3,0.878912,2,0.118948,4,0.001697,
000000137890.jpg,7,-0.129557,0.878485,7,0.878485,6,0.118890,8,0.001497,
000000502275.jpg,7,-0.129651,0.878402,7,0.878402,6,0.118879,8,0.002177,
ox_British_Shorthair_112.jpg,7,-0.129694,0.878364,7,0.878364,6,0.118874,8,0.001696,
hf_cat_001466.jpg,3,-0.130087,0.878019,3,0.878019,4,0.118827,5,0.002795,
hf_cat_000270.jpg,5,-0.130242,0.877883,5,0.877883,4,0.118809,6,0.003166,
000000413011.jpg,7,-0.130276,0.877853,7,0.877853,8,0.092525,6,0.026509,
000000508952.jpg,7,-0.130339,0.877798,7,0.877798,6,0.118797,8,0.002176,
000000167874.jpg,5,-0.130548,0.877614,5,0.877614,6,0.072039,4,0.003587,
hf_cat_003093.jpg,7,-0.131526,0.876756,7,0.876756,6,0.118656,8,0.002173,
hf_cat_000618.jpg,7,-0.131854,0.876469,7,0.876469,6,0.118617,8,0.003582,
hf_cat_008245.jpg,5,-0.132429,0.875965,5,0.875965,6,0.118549,7,0.004597,
hf_cat_005535.jpg,5,-0.132726,0.875705,5,0.875705,6,0.118514,7,0.002787,
hf_cat_003365.jpg,5,-0.133014,0.875453,5,0.875453,6,0.118480,7,0.003578,
hf_cat_009154.jpg,7,-0.133326,0.875180,7,0.875180,6,0.118443,5,0.003577,
hf_cat_001478.jpg,5,-0.133965,0.874621,5,0.874621,6,0.004590,4,0.001688,
ox_Bombay_87.jpg,7,-0.134231,0.874388,7,0.874388,6,0.118336,8,0.005892,
hf_cat_010628.jpg,5,-0.134270,0.874354,5,0.874354,6,0.004588,7,0.000377,
000000411832.jpg,3,-0.135165,0.873571,3,0.873571,4,0.118225,2,0.004045,
hf_cat_004801.jpg,7,-0.135245,0.873502,7,0.873502,8,0.092066,6,0.015999,
hf_cat_007317.jpg,7,-0.135884,0.872943,7,0.872943,6,0.118140,8,0.003568,
hf_cat_010883.jpg,4,-0.136329,0.872556,4,0.872556,5,0.071624,3,0.055781,
hf_cat_004476.jpg,4,-0.136574,0.872342,4,0.872342,5,0.071606,3,0.055767,
000000171809.jpg,7,-0.137546,0.871494,7,0.871494,6,0.117944,8,0.004573,
hf_cat_010681.jpg,7,-0.137602,0.871446,7,0.871446,6,0.117937,5,0.005872,
hf_cat_010691.jpg,3,-0.137680,0.871377,3,0.871377,4,0.117928,5,0.009680,
000000043289.jpg,5,-0.138381,0.870767,5,0.870767,6,0.117845,7,0.004569,
000000290204.jpg,5,-0.139811,0.869522,5,0.869522,4,0.005859,6,0.004563,
hf_cat_003533.jpg,4,-0.140465,0.868954,4,0.868954,5,0.117600,3,0.012395,
hf_cat_011257.jpg,5,-0.140751,0.868706,5,0.868706,4,0.020430,6,0.015911,
ox_Egyptian_Mau_49.jpg,5,-0.141104,0.868399,5,0.868399,6,0.001306,4,0.000156,
000000516879.jpg,5,-0.141287,0.868240,5,0.868240,6,0.071269,4,0.055505,
hf_cat_011458.jpg,5,-0.141771,0.867820,5,0.867820,6,0.071235,7,0.003547,
ox_Egyptian_Mau_189.jpg,5,-0.142039,0.867587,5,0.867587,4,0.009638,6,0.002761,
hf_cat_002033.jpg,5,-0.142136,0.867504,5,0.867504,6,0.071209,4,0.003545,
ox_Siamese_96.jpg,5,-0.142891,0.866849,5,0.866849,6,0.009630,4,0.000156,
000000569272.jpg,7,-0.143454,0.866361,7,0.866361,6,0.117249,8,0.012358,
000000237505.jpg,8,-0.144271,0.865653,8,0.865653,9,0.091239,7,0.043098,
hf_cat_009613.jpg,5,-0.145472,0.864614,5,0.864614,6,0.117013,7,0.004537,
hf_cat_005556.jpg,5,-0.145905,0.864240,5,0.864240,4,0.091090,3,0.009601,
hf_cat_006609.jpg,5,-0.146008,0.864151,5,0.864151,6,0.091081,4,0.007476,
000000580234.jpg,7,-0.146030,0.864132,7,0.864132,8,0.091079,6,0.043023,
ox_Sphynx_194.jpg,3,-0.146453,0.863766,3,0.863766,2,0.070902,4,0.026083,
000000561393.jpg,5,-0.147204,0.863118,5,0.863118,6,0.055177,4,0.005816,
ox_Siamese_182.jpg,5,-0.147702,0.862688,5,0.862688,4,0.090927,3,0.033450,
000000580706.jpg,3,-0.147721,0.862672,3,0.862672,4,0.116750,2,0.015800,
000000426690.jpg,7,-0.147927,0.862494,7,0.862494,6,0.116726,8,0.003525,
hf_cat_010924.jpg,5,-0.148230,0.862233,5,0.862233,6,0.042928,7,0.001010,
hf_cat_000627.jpg,5,-0.149779,0.860898,5,0.860898,4,0.015768,6,0.005801,
hf_cat_010694.jpg,7,-0.150057,0.860659,7,0.860659,6,0.116478,8,0.020241,
000000003353.jpg,3,-0.153538,0.857668,3,0.857668,2,0.116073,4,0.025899,
hf_cat_006897.jpg,5,-0.154219,0.857084,5,0.857084,6,0.070354,4,0.054792,
000000137413.jpg,5,-0.155044,0.856377,5,0.856377,4,0.090261,6,0.042637,
000000346614.jpg,7,-0.157133,0.854590,7,0.854590,6,0.115656,8,0.003493,
hf_cat_005339.jpg,5,-0.158555,0.853376,5,0.853376,6,0.015630,4,0.009480,
hf_cat_008709.jpg,7,-0.159722,0.852381,7,0.852381,6,0.089840,5,0.002113,
hf_cat_011100.jpg,5,-0.160288,0.851899,5,0.851899,6,0.089789,7,0.002711,
hf_cat_007170.jpg,2,-0.160531,0.851691,2,0.851691,1,0.115264,3,0.033024,
hf_cat_006256.jpg,5,-0.160576,0.851653,5,0.851653,4,0.089764,3,0.012148,
hf_cat_011012.jpg,5,-0.160838,0.851430,5,0.851430,6,0.015594,4,0.009459,
000000298501.jpg,5,-0.161124,0.851187,5,0.851187,6,0.069870,7,0.033004,
000000288268.jpg,5,-0.162086,0.850368,5,0.850368,6,0.025679,4,0.007357,
000000333291.jpg,7,-0.162138,0.850323,7,0.850323,6,0.147764,8,0.000996,
000000207077.jpg,7,-0.162476,0.850036,7,0.850036,8,0.147714,9,0.001641,
000000160463.jpg,7,-0.162830,0.849736,7,0.849736,6,0.147662,5,0.001278,
000000420215.jpg,7,-0.162850,0.849719,7,0.849719,6,0.147659,5,0.001278,
000000498397.jpg,7,-0.162960,0.849625,7,0.849625,8,0.147643,6,0.002106,
hf_cat_006905.jpg,5,-0.163097,0.849509,5,0.849509,6,0.001277,4,0.000775,
000000259572.jpg,5,-0.163135,0.849476,5,0.849476,4,0.089534,6,0.003472,
000000158127.jpg,7,-0.163393,0.849257,7,0.849257,6,0.147579,8,0.002105,
hf_cat_000559.jpg,7,-0.163521,0.849148,7,0.849148,8,0.147560,6,0.001639,
hf_cat_003738.jpg,8,-0.163701,0.848996,8,0.848996,9,0.147533,7,0.003470,
ox_Bengal_25.jpg,5,-0.164174,0.848595,5,0.848595,4,0.032904,6,0.015543,
000000572125.jpg,7,-0.164999,0.847894,7,0.847894,8,0.147342,9,0.003465,
000000292101.jpg,7,-0.166009,0.847039,7,0.847039,6,0.147193,5,0.001635,
000000021396.jpg,7,-0.166193,0.846883,7,0.846883,6,0.147166,8,0.004444,
hf_cat_009064.jpg,7,-0.166211,0.846867,7,0.846867,6,0.147164,8,0.004444,
hf_cat_009554.jpg,7,-0.166389,0.846716,7,0.846716,6,0.147137,5,0.001635,
hf_cat_007087.jpg,7,-0.167747,0.845568,7,0.845568,6,0.146938,5,0.002691,
000000223942.jpg,5,-0.167957,0.845390,5,0.845390,6,0.069394,7,0.009391,
hf_cat_003034.jpg,5,-0.168248,0.845145,5,0.845145,4,0.002690,3,0.000467,
ox_Russian_Blue_132.jpg,8,-0.168573,0.844869,8,0.844869,7,0.146816,9,0.008283,
hf_cat_001367.jpg,5,-0.169165,0.844370,5,0.844370,6,0.114273,4,0.005689,
hf_cat_007628.jpg,5,-0.169181,0.844356,5,0.844356,6,0.088994,4,0.007305,
000000190690.jpg,5,-0.169374,0.844193,5,0.844193,6,0.005688,4,0.002093,
ox_Bengal_35.jpg,5,-0.169782,0.843848,5,0.843848,6,0.146639,7,0.005686,
hf_cat_005919.jpg,5,-0.170072,0.843604,5,0.843604,4,0.146596,6,0.005684,
hf_cat_010905.jpg,7,-0.171000,0.842821,7,0.842821,6,0.146460,8,0.007292,
hf_cat_002155.jpg,7,-0.171058,0.842773,7,0.842773,6,0.146452,8,0.004422,
hf_cat_003661.jpg,5,-0.171312,0.842558,5,0.842558,6,0.015432,4,0.002682,
000000236945.jpg,3,-0.172437,0.841611,3,0.841611,5,0.088705,4,0.069084,
000000581153.jpg,5,-0.172446,0.841603,5,0.841603,6,0.113899,4,0.009349,
hf_cat_002386.jpg,7,-0.173066,0.841082,7,0.841082,6,0.146158,5,0.011997,
000000375500.jpg,7,-0.173905,0.840376,7,0.840376,6,0.146036,8,0.009336,
hf_cat_006819.jpg,5,-0.173989,0.840306,5,0.840306,6,0.011986,4,0.001115,
000000411926.jpg,7,-0.174403,0.839959,7,0.839959,6,0.145963,5,0.009331,
hf_cat_000112.jpg,5,-0.174623,0.839774,5,0.839774,4,0.145931,6,0.003432,
000000212976.jpg,5,-0.175054,0.839412,5,0.839412,6,0.041792,4,0.003430,
hf_cat_002478.jpg,5,-0.175655,0.838907,5,0.838907,6,0.113534,7,0.004402,
ox_Bombay_77.jpg,5,-0.176074,0.838556,5,0.838556,6,0.011961,4,0.000765,
hf_cat_007906.jpg,5,-0.177041,0.837746,5,0.837746,4,0.004396,3,0.002077,
ox_Egyptian_Mau_12.jpg,5,-0.177764,0.837140,5,0.837140,4,0.011941,6,0.001259,
hf_cat_008826.jpg,3,-0.178656,0.836393,3,0.836393,2,0.145343,4,0.011931,
hf_cat_005000.jpg,5,-0.179474,0.835709,5,0.835709,6,0.088083,7,0.005631,
hf_cat_004505.jpg,5,-0.179780,0.835454,5,0.835454,4,0.145180,3,0.009281,
000000245997.jpg,5,-0.180006,0.835266,5,0.835266,6,0.145147,7,0.011914,
hf_cat_006060.jpg,3,-0.180621,0.834751,3,0.834751,4,0.145058,5,0.015289,
hf_cat_001783.jpg,5,-0.180782,0.834618,5,0.834618,6,0.112953,7,0.019628,
000000427251.jpg,7,-0.181056,0.834388,7,0.834388,6,0.144995,8,0.019623,
000000454154.jpg,5,-0.181412,0.834091,5,0.834091,6,0.144943,7,0.004377,
hf_cat_001415.jpg,5,-0.181686,0.833863,5,0.833863,4,0.087889,3,0.025180,
hf_cat_011247.jpg,8,-0.181724,0.833831,8,0.833831,9,0.112847,7,0.053305,
hf_cat_006846.jpg,5,-0.183672,0.832209,5,0.832209,4,0.004367,3,0.002649,
hf_cat_002456.jpg,5,-0.184928,0.831164,5,0.831164,6,0.053135,4,0.041381,
hf_cat_004805.jpg,5,-0.185636,0.830576,5,0.830576,6,0.053097,7,0.001603,
hf_cat_006077.jpg,8,-0.185654,0.830561,8,0.830561,7,0.144330,9,0.025081,
hf_cat_011232.jpg,5,-0.186846,0.829571,5,0.829571,6,0.041302,4,0.015194,
000000494891.jpg,5,-0.187325,0.829174,5,0.829174,4,0.087394,3,0.011828,
hf_cat_001673.jpg,5,-0.188010,0.828607,5,0.828607,6,0.143990,7,0.019487,
hf_cat_000579.jpg,5,-0.188777,0.827971,5,0.827971,4,0.067964,6,0.067964,
000000540452.jpg,5,-0.189466,0.827401,5,0.827401,6,0.143781,7,0.009192,
000000116031.jpg,5,-0.191076,0.826070,5,0.826070,6,0.024945,7,0.002048,
hf_cat_002973.jpg,5,-0.191782,0.825487,5,0.825487,6,0.019414,4,0.009170,
hf_cat_005956.jpg,5,-0.193376,0.824172,5,0.824172,6,0.143220,7,0.011756,
000000290659.jpg,5,-0.194653,0.823120,5,0.823120,4,0.031916,6,0.001238,
ox_Sphynx_166.jpg,5,-0.195070,0.822777,5,0.822777,4,0.086720,6,0.019350,
000000482589.jpg,5,-0.196517,0.821587,5,0.821587,6,0.142770,7,0.015048,
000000447985.jpg,6,-0.196932,0.821246,6,0.821246,7,0.111144,5,0.067412,
hf_cat_001602.jpg,5,-0.196952,0.821230,5,0.821230,3,0.003356,4,0.000275,
hf_cat_006295.jpg,5,-0.198346,0.820086,5,0.820086,4,0.086436,6,0.005526,
hf_cat_009038.jpg,5,-0.198802,0.819712,5,0.819712,4,0.142445,3,0.009106,
000000066556.jpg,5,-0.199383,0.819236,5,0.819236,4,0.110872,6,0.001232,
hf_cat_001877.jpg,5,-0.199443,0.819187,5,0.819187,4,0.067243,3,0.011685,
000000260566.jpg,5,-0.199741,0.818942,5,0.818942,6,0.024730,7,0.003347,
000000527979.jpg,5,-0.200493,0.818327,5,0.818327,6,0.110749,7,0.002605,
000000309568.jpg,7,-0.202214,0.816920,7,0.816920,8,0.182280,6,0.000399,
ox_Russian_Blue_66.jpg,5,-0.202292,0.816857,5,0.816857,4,0.182265,6,0.000352,
ox_British_Shorthair_124.jpg,6,-0.203938,0.815513,6,0.815513,7,0.110368,5,0.066941,
000000219492.jpg,7,-0.204237,0.815269,7,0.815269,8,0.181911,6,0.001574,
000000500859.jpg,5,-0.204848,0.814771,5,0.814771,6,0.110267,7,0.007049,
000000148839.jpg,7,-0.205398,0.814324,7,0.814324,6,0.181700,5,0.002019,
hf_cat_003176.jpg,8,-0.205737,0.814047,8,0.814047,7,0.181638,9,0.004272,
000000024299.jpg,5,-0.206163,0.813701,5,0.813701,6,0.040512,4,0.001571,
000000233446.jpg,7,-0.206214,0.813659,7,0.813659,6,0.181552,5,0.004270,
000000560923.jpg,7,-0.206249,0.813630,7,0.813630,6,0.181545,5,0.002590,
ox_Bengal_45.jpg,5,-0.206302,0.813587,5,0.813587,6,0.040506,4,0.001223,
000000084448.jpg,7,-0.206495,0.813431,7,0.813431,6,0.181501,8,0.004268,
hf_cat_008382.jpg,5,-0.206640,0.813312,5,0.813312,4,0.000952,6,0.000742,
hf_cat_009643.jpg,7,-0.206684,0.813276,7,0.813276,6,0.181466,8,0.002588,
hf_cat_009621.jpg,5,-0.206706,0.813259,5,0.813259,4,0.001223,6,0.000309,
hf_cat_003236.jpg,3,-0.207012,0.813010,3,0.813010,2,0.181407,4,0.005478,
hf_cat_005847.jpg,5,-0.207426,0.812674,5,0.812674,4,0.181332,3,0.005476,
hf_cat_007538.jpg,5,-0.207794,0.812374,5,0.812374,4,0.009025,3,0.003320,
hf_cat_006632.jpg,5,-0.208140,0.812094,5,0.812094,3,0.007026,4,0.003319,
hf_cat_011016.jpg,7,-0.208336,0.811934,7,0.811934,6,0.181167,5,0.002584,
000000171058.jpg,5,-0.208586,0.811731,5,0.811731,6,0.181122,7,0.005469,
000000465093.jpg,3,-0.208663,0.811669,3,0.811669,4,0.181108,2,0.007022,
000000240289.jpg,7,-0.208728,0.811616,7,0.811616,8,0.181096,9,0.004259,
hf_cat_005511.jpg,5,-0.208946,0.811439,5,0.811439,6,0.181056,7,0.007020,
000000045586.jpg,7,-0.209329,0.811129,7,0.811129,6,0.180987,8,0.004256,
hf_cat_011355.jpg,7,-0.209430,0.811046,7,0.811046,6,0.180969,5,0.003315,
hf_cat_001516.jpg,5,-0.209590,0.810916,5,0.810916,6,0.007016,4,0.000272,
000000335092.jpg,7,-0.211985,0.808976,7,0.808976,8,0.180507,6,0.006999,
hf_cat_003920.jpg,5,-0.212837,0.808288,5,0.808288,3,0.040242,4,0.031341,
hf_cat_002239.jpg,5,-0.212928,0.808215,5,0.808215,4,0.006992,3,0.000574,
000000189966.jpg,4,-0.213326,0.807893,4,0.807893,3,0.180265,5,0.011524,
ox_Egyptian_Mau_82.jpg,5,-0.213733,0.807564,5,0.807564,4,0.005441,6,0.002913,
hf_cat_003545.jpg,5,-0.214492,0.806952,5,0.806952,6,0.005437,4,0.005437,
hf_cat_010514.jpg,5,-0.214738,0.806753,5,0.806753,4,0.031281,6,0.018973,
ox_Siamese_206.jpg,5,-0.215310,0.806291,5,0.806291,6,0.051544,4,0.000573,
000000304357.jpg,5,-0.216795,0.805095,5,0.805095,6,0.001761,4,0.001761,
hf_cat_007450.jpg,5,-0.219816,0.802667,5,0.802667,6,0.014701,4,0.001550,
000000080666.jpg,4,-0.220571,0.802060,4,0.802060,5,0.178964,3,0.018863,
hf_cat_006517.jpg,5,-0.220802,0.801875,5,0.801875,6,0.139345,4,0.051262,
000000179954.jpg,7,-0.220978,0.801735,7,0.801735,6,0.178891,5,0.003277,
hf_cat_011534.jpg,5,-0.222134,0.800808,5,0.800808,6,0.084405,7,0.005396,
hf_cat_002956.jpg,5,-0.224049,0.799276,5,0.799276,6,0.138893,7,0.006915,
000000576072.jpg,7,-0.224781,0.798691,7,0.798691,6,0.178212,5,0.003264,
hf_cat_011028.jpg,5,-0.225659,0.797990,5,0.797990,6,0.178056,7,0.004187,
000000404349.jpg,5,-0.225910,0.797790,5,0.797790,6,0.178011,7,0.014612,
hf_cat_004288.jpg,5,-0.225912,0.797789,5,0.797789,4,0.084086,3,0.005375,
hf_cat_008784.jpg,8,-0.227864,0.796233,8,0.796233,7,0.138365,9,0.065359,
000000407960.jpg,6,-0.227885,0.796216,6,0.796216,5,0.138362,7,0.065357,
ox_Abyssinian_106.jpg,5,-0.229953,0.794571,5,0.794571,6,0.065222,7,0.000564,
hf_cat_006283.jpg,5,-0.231906,0.793021,5,0.793021,6,0.137806,4,0.039482,
hf_cat_003843.jpg,7,-0.232100,0.792867,7,0.792867,6,0.176913,5,0.004161,
000000514002.jpg,4,-0.232805,0.792308,4,0.792308,3,0.176788,5,0.030721,
hf_cat_002498.jpg,5,-0.233410,0.791829,5,0.791829,4,0.137599,6,0.064997,
hf_cat_001912.jpg,5,-0.237752,0.788398,5,0.788398,3,0.083097,4,0.023808,
hf_cat_005640.jpg,5,-0.238763,0.787602,5,0.787602,6,0.064650,4,0.006814,
000000543264.jpg,5,-0.239343,0.787145,5,0.787145,6,0.106528,7,0.014417,
000000112951.jpg,4,-0.239644,0.786908,4,0.786908,3,0.106496,5,0.106496,
000000222235.jpg,5,-0.239766,0.786812,5,0.786812,6,0.175562,7,0.030508,
hf_cat_008400.jpg,5,-0.243287,0.784046,5,0.784046,4,0.005283,6,0.003204,
hf_cat_006229.jpg,5,-0.243547,0.783843,5,0.783843,6,0.018434,4,0.006782,
000000296188.jpg,5,-0.243604,0.783798,5,0.783798,6,0.136204,4,0.064338,
hf_cat_004339.jpg,5,-0.246565,0.781480,5,0.781480,6,0.038908,4,0.002818,
000000553698.jpg,5,-0.247175,0.781004,5,0.781004,6,0.174265,7,0.004644,
ox_Ragdoll_84.jpg,5,-0.247441,0.780796,5,0.780796,6,0.105669,7,0.006755,
000000124116.jpg,5,-0.251253,0.777826,5,0.777826,6,0.105267,7,0.006730,
hf_cat_008754.jpg,5,-0.252264,0.777040,5,0.777040,6,0.081899,4,0.002802,
000000273491.jpg,6,-0.252402,0.776932,6,0.776932,5,0.173357,7,0.049668,
ox_Siamese_179.jpg,5,-0.252811,0.776615,5,0.776615,4,0.222504,3,0.000802,
000000173365.jpg,7,-0.252935,0.776518,7,0.776518,8,0.222476,9,0.000708,
000000467295.jpg,5,-0.253994,0.775696,5,0.775696,6,0.081758,4,0.002469,
000000308798.jpg,7,-0.254489,0.775312,7,0.775312,6,0.222131,8,0.000908,
000000006589.jpg,5,-0.254530,0.775281,5,0.775281,6,0.104923,7,0.011059,
000000476011.jpg,5,-0.254677,0.775167,5,0.775167,6,0.081702,7,0.003168,
hf_cat_011339.jpg,7,-0.255026,0.774896,7,0.774896,6,0.222011,5,0.002466,
000000027075.jpg,3,-0.255139,0.774809,3,0.774809,2,0.221986,4,0.003166,
000000226091.jpg,5,-0.256018,0.774128,5,0.774128,6,0.002464,4,0.000550,
hf_cat_011190.jpg,5,-0.256024,0.774123,5,0.774123,4,0.221790,3,0.003164,
hf_cat_011169.jpg,7,-0.256474,0.773775,7,0.773775,6,0.221690,5,0.003162,
hf_cat_000915.jpg,3,-0.257354,0.773095,3,0.773095,2,0.221495,4,0.005209,
hf_cat_006738.jpg,7,-0.257500,0.772981,7,0.772981,8,0.221463,9,0.004056,
hf_cat_000946.jpg,5,-0.258712,0.772046,5,0.772046,6,0.002457,4,0.000798,
000000473462.jpg,7,-0.259027,0.771803,7,0.771803,6,0.221125,5,0.005200,
ox_British_Shorthair_27.jpg,7,-0.259204,0.771665,7,0.771665,6,0.221086,5,0.005199,
000000284488.jpg,5,-0.259753,0.771242,5,0.771242,4,0.220964,6,0.006673,
000000403231.jpg,5,-0.259879,0.771145,5,0.771145,6,0.220937,7,0.005196,
hf_cat_001800.jpg,7,-0.260223,0.770880,7,0.770880,6,0.220861,5,0.001159,
000000008786.jpg,7,-0.260422,0.770726,7,0.770726,6,0.220817,5,0.006668,
ox_Ragdoll_201.jpg,7,-0.260599,0.770590,7,0.770590,6,0.220778,8,0.006667,
hf_cat_009614.jpg,7,-0.260629,0.770567,7,0.770567,6,0.220771,5,0.006667,
hf_cat_008352.jpg,5,-0.263544,0.768324,5,0.768324,6,0.004032,4,0.000546,
ox_Abyssinian_190.jpg,5,-0.266181,0.766301,5,0.766301,6,0.219549,7,0.008513,
000000206255.jpg,6,-0.266597,0.765982,6,0.765982,5,0.170914,7,0.062876,
hf_cat_001512.jpg,4,-0.266743,0.765870,4,0.765870,3,0.170889,5,0.062866,
000000288560.jpg,5,-0.267907,0.764979,5,0.764979,6,0.219170,7,0.014011,
hf_cat_009970.jpg,5,-0.268593,0.764454,5,0.764454,6,0.010904,4,0.003124,
hf_cat_005253.jpg,7,-0.268919,0.764205,7,0.764205,6,0.218948,5,0.005149,
hf_cat_001111.jpg,5,-0.269000,0.764143,5,0.764143,4,0.004010,6,0.004010,
000000374376.jpg,7,-0.269833,0.763507,7,0.763507,6,0.218748,8,0.010891,
hf_cat_007892.jpg,5,-0.269835,0.763505,5,0.763505,6,0.010891,4,0.003120,
000000249941.jpg,6,-0.270140,0.763272,6,0.763272,7,0.218681,5,0.017950,
000000434329.jpg,7,-0.271109,0.762533,7,0.762533,6,0.218469,5,0.005138,
000000238302.jpg,6,-0.275176,0.759438,6,0.759438,5,0.217583,7,0.022933,
000000198641.jpg,7,-0.280137,0.755680,7,0.755680,6,0.216506,5,0.013841,
ox_British_Shorthair_140.jpg,6,-0.285303,0.751787,6,0.751787,7,0.130641,5,0.079238,
hf_cat_009607.jpg,6,-0.290036,0.748236,6,0.748236,7,0.214373,5,0.037252,
hf_cat_007631.jpg,3,-0.293050,0.745985,3,0.745985,4,0.213728,2,0.022527,
000000072704.jpg,6,-0.300728,0.740279,6,0.740279,7,0.212093,5,0.047324,
ox_Sphynx_102.jpg,3,-0.303832,0.737985,3,0.737985,5,0.099875,4,0.036742,
hf_cat_008228.jpg,3,-0.305598,0.736683,3,0.736683,4,0.211063,5,0.036677,
hf_cat_001293.jpg,7,-0.313677,0.730755,7,0.730755,8,0.268830,9,0.000245,
000000172993.jpg,4,-0.313951,0.730555,4,0.730555,3,0.209307,5,0.059968,
ox_Russian_Blue_136.jpg,7,-0.314148,0.730411,7,0.730411,8,0.268703,6,0.000666,
hf_cat_000046.jpg,7,-0.314177,0.730390,7,0.730390,8,0.268695,9,0.000666,
000000031893.jpg,6,-0.314248,0.730338,6,0.730338,7,0.209245,5,0.059950,
hf_cat_002977.jpg,7,-0.315148,0.729681,7,0.729681,6,0.268435,5,0.001409,
000000133573.jpg,8,-0.315314,0.729560,8,0.729560,9,0.268390,7,0.002049,
000000021076.jpg,8,-0.315587,0.729360,8,0.729360,9,0.268317,7,0.002321,
000000091465.jpg,7,-0.315683,0.729290,7,0.729290,6,0.268291,5,0.001808,
hf_cat_003570.jpg,3,-0.316296,0.728844,3,0.728844,2,0.268127,4,0.002979,
hf_cat_010392.jpg,3,-0.316326,0.728822,3,0.728822,4,0.268119,5,0.002979,
hf_cat_004606.jpg,7,-0.316348,0.728806,7,0.728806,8,0.268113,9,0.002320,
hf_cat_011441.jpg,7,-0.316681,0.728563,7,0.728563,8,0.268023,9,0.001806,
000000137188.jpg,7,-0.316719,0.728535,7,0.728535,6,0.268013,5,0.002319,
hf_cat_003056.jpg,7,-0.316779,0.728492,7,0.728492,6,0.267997,5,0.002977,
ox_Egyptian_Mau_85.jpg,3,-0.317038,0.728303,3,0.728303,2,0.267928,4,0.002976,
hf_cat_004400.jpg,4,-0.317621,0.727879,4,0.727879,3,0.267772,5,0.004328,
hf_cat_001491.jpg,7,-0.317664,0.727848,7,0.727848,6,0.267760,5,0.002975,
000000182020.jpg,7,-0.319615,0.726429,7,0.726429,6,0.267238,5,0.002969,
hf_cat_008251.jpg,7,-0.319867,0.726246,7,0.726246,6,0.267171,5,0.003811,
000000407027.jpg,7,-0.321444,0.725101,7,0.725101,6,0.266750,5,0.006273,
hf_cat_008873.jpg,7,-0.322551,0.724299,7,0.724299,8,0.266455,6,0.004880,
hf_cat_004616.jpg,7,-0.323647,0.723505,7,0.723505,6,0.266163,5,0.006260,
ox_Russian_Blue_79.jpg,6,-0.324361,0.722989,6,0.722989,7,0.207140,5,0.059347,
000000168698.jpg,7,-0.325330,0.722289,7,0.722289,6,0.265715,8,0.008024,
000000280736.jpg,3,-0.327078,0.721028,3,0.721028,4,0.265251,2,0.008010,
hf_cat_011587.jpg,7,-0.327472,0.720743,7,0.720743,6,0.265147,5,0.013201,
ox_British_Shorthair_22.jpg,7,-0.328297,0.720149,7,0.720149,6,0.264928,5,0.008000,
hf_cat_009827.jpg,6,-0.328610,0.719924,6,0.719924,7,0.160637,5,0.097431,
000000363933.jpg,7,-0.330116,0.718840,7,0.718840,6,0.264446,8,0.010254,
000000241465.jpg,7,-0.330146,0.718819,7,0.718819,6,0.264439,5,0.006219,
hf_cat_007234.jpg,8,-0.330359,0.718666,8,0.718666,7,0.264382,9,0.016901,
hf_cat_003609.jpg,8,-0.330919,0.718263,8,0.718263,7,0.205786,9,0.075704,
hf_cat_010263.jpg,6,-0.330963,0.718232,6,0.718232,7,0.205777,5,0.075701,
hf_cat_009170.jpg,4,-0.332121,0.717401,4,0.717401,5,0.263917,3,0.016872,
hf_cat_003754.jpg,6,-0.332254,0.717305,6,0.717305,5,0.205511,7,0.075603,
000000030156.jpg,7,-0.332562,0.717084,7,0.717084,6,0.263801,5,0.013134,
hf_cat_008374.jpg,6,-0.334853,0.715444,6,0.715444,5,0.159637,7,0.124325,
000000222741.jpg,7,-0.334993,0.715343,7,0.715343,6,0.263160,5,0.010204,
ox_Russian_Blue_193.jpg,4,-0.335676,0.714855,4,0.714855,5,0.262980,3,0.016812,
000000299103.jpg,6,-0.336266,0.714433,6,0.714433,7,0.159412,5,0.124150,
hf_cat_008080.jpg,6,-0.336641,0.714165,6,0.714165,5,0.204612,7,0.075272,
hf_cat_001926.jpg,6,-0.337927,0.713247,6,0.713247,5,0.204349,7,0.075176,
hf_cat_003482.jpg,7,-0.338581,0.712781,7,0.712781,6,0.262217,5,0.002913,
ox_Persian_116.jpg,7,-0.339625,0.712037,7,0.712037,6,0.261944,5,0.013041,
hf_cat_009018.jpg,3,-0.341368,0.710797,3,0.710797,4,0.096196,5,0.021464,
000000020279.jpg,7,-0.343593,0.709218,7,0.709218,8,0.260907,9,0.016679,
ox_Siamese_19.jpg,6,-0.344690,0.708440,6,0.708440,7,0.158074,5,0.074669,
000000199822.jpg,7,-0.347904,0.706167,7,0.706167,6,0.259784,5,0.027381,
hf_cat_000378.jpg,6,-0.352149,0.703175,6,0.703175,5,0.201463,7,0.095164,
ox_Birman_52.jpg,6,-0.352563,0.702885,6,0.702885,7,0.201380,5,0.095125,
000000467333.jpg,7,-0.363890,0.694967,7,0.694967,6,0.094054,5,0.007720,
000000018893.jpg,6,-0.366998,0.692811,6,0.692811,5,0.198494,7,0.034493,
ox_British_Shorthair_163.jpg,6,-0.372712,0.688864,6,0.688864,7,0.253419,5,0.056545,
000000533049.jpg,6,-0.373848,0.688082,6,0.688082,7,0.253131,5,0.056481,
hf_cat_007771.jpg,6,-0.376841,0.686025,6,0.686025,5,0.153073,7,0.153073,
ox_Egyptian_Mau_224.jpg,6,-0.378896,0.684617,6,0.684617,5,0.196146,7,0.118969,
ox_Egyptian_Mau_71.jpg,6,-0.378896,0.684617,6,0.684617,5,0.196146,7,0.118969,
000000346207.jpg,6,-0.378904,0.684611,6,0.684611,7,0.196144,5,0.118968,
000000030149.jpg,6,-0.381045,0.683147,6,0.683147,5,0.195725,7,0.118713,
hf_cat_004088.jpg,6,-0.386828,0.679208,6,0.679208,7,0.194596,5,0.091921,
hf_cat_008768.jpg,7,-0.387532,0.678730,7,0.678730,8,0.320609,9,0.000482,
000000304941.jpg,9,-0.388182,0.678289,9,0.678289,8,0.320401,7,0.001309,
hf_cat_003466.jpg,6,-0.388602,0.678004,6,0.678004,5,0.194251,7,0.117819,
hf_cat_011136.jpg,8,-0.389082,0.677679,8,0.677679,7,0.320113,9,0.002157,
hf_cat_001499.jpg,7,-0.389747,0.677228,7,0.677228,6,0.319900,5,0.001679,
000000440057.jpg,7,-0.389957,0.677086,7,0.677086,6,0.319833,5,0.001018,
000000322239.jpg,8,-0.390128,0.676970,8,0.676970,7,0.319778,9,0.002767,
ox_Siamese_83.jpg,6,-0.390364,0.676811,6,0.676811,7,0.248985,5,0.071335,
000000329734.jpg,7,-0.390966,0.676403,7,0.676403,8,0.319510,9,0.002764,
hf_cat_008294.jpg,7,-0.391110,0.676305,7,0.676305,6,0.319464,5,0.003549,
hf_cat_006612.jpg,7,-0.391963,0.675729,7,0.675729,6,0.319192,5,0.002762,
hf_cat_009434.jpg,6,-0.392291,0.675507,6,0.675507,7,0.117386,5,0.055449,
ox_Bengal_98.jpg,4,-0.392949,0.675063,4,0.675063,5,0.318877,3,0.005840,
hf_cat_007646.jpg,3,-0.396132,0.672918,3,0.672918,2,0.317864,1,0.007475,
ox_Ragdoll_96.jpg,6,-0.397564,0.671955,6,0.671955,7,0.247198,5,0.070824,
hf_cat_000636.jpg,7,-0.397707,0.671859,7,0.671859,6,0.317364,5,0.007464,
000000388658.jpg,3,-0.398217,0.671516,3,0.671516,4,0.317202,2,0.009579,
000000471251.jpg,7,-0.400119,0.670240,7,0.670240,6,0.316599,5,0.012276,
ox_Bombay_221.jpg,6,-0.400207,0.670181,6,0.670181,7,0.246546,5,0.070637,
hf_cat_002590.jpg,4,-0.402815,0.668435,4,0.668435,5,0.315747,3,0.015720,
hf_cat_002801.jpg,6,-0.403468,0.667999,6,0.667999,5,0.245743,7,0.070407,
000000452696.jpg,7,-0.403975,0.667661,7,0.667661,6,0.315381,5,0.012229,
hf_cat_001817.jpg,7,-0.405315,0.666767,7,0.666767,6,0.314958,5,0.012212,
hf_cat_006227.jpg,6,-0.407214,0.665502,6,0.665502,7,0.314361,5,0.020096,
ox_Birman_128.jpg,6,-0.409068,0.664269,6,0.664269,7,0.244371,5,0.089899,
hf_cat_001715.jpg,3,-0.409108,0.664242,3,0.664242,4,0.313766,5,0.020058,
hf_cat_009139.jpg,3,-0.413201,0.661529,3,0.661529,4,0.312484,5,0.025650,
hf_cat_004995.jpg,6,-0.413732,0.661178,6,0.661178,5,0.189431,7,0.147529,
000000128402.jpg,7,-0.415317,0.660131,7,0.660131,6,0.311824,5,0.019934,
000000290843.jpg,6,-0.415708,0.659873,6,0.659873,7,0.189057,5,0.147238,
hf_cat_004685.jpg,7,-0.416953,0.659052,7,0.659052,6,0.311314,5,0.025554,
hf_cat_004438.jpg,3,-0.419115,0.657628,3,0.657628,4,0.241928,5,0.053981,
hf_cat_010139.jpg,4,-0.420178,0.656930,4,0.656930,3,0.241671,5,0.088906,
000000306830.jpg,8,-0.420566,0.656675,8,0.656675,7,0.310191,9,0.032694,
hf_cat_009768.jpg,6,-0.424118,0.654346,6,0.654346,5,0.187473,7,0.146004,
000000140360.jpg,4,-0.425329,0.653555,4,0.653555,5,0.308717,6,0.019736,
000000142891.jpg,7,-0.426575,0.652741,7,0.652741,6,0.308333,5,0.032498,
hf_cat_005166.jpg,6,-0.427451,0.652170,6,0.652170,5,0.145519,7,0.113330,
ox_British_Shorthair_188.jpg,6,-0.432433,0.648928,6,0.648928,5,0.185921,7,0.144795,
hf_cat_000730.jpg,6,-0.434161,0.647808,6,0.647808,5,0.185600,7,0.112572,
hf_cat_004830.jpg,7,-0.434441,0.647627,7,0.647627,6,0.305917,5,0.041401,
000000464558.jpg,6,-0.439959,0.644063,6,0.644063,5,0.143710,7,0.067884,
hf_cat_005754.jpg,6,-0.441632,0.642986,6,0.642986,7,0.303725,5,0.041105,
000000497030.jpg,7,-0.442529,0.642409,7,0.642409,6,0.303453,5,0.011766,
hf_cat_008725.jpg,7,-0.448509,0.638580,7,0.638580,6,0.301644,5,0.031793,
000000326116.jpg,6,-0.448727,0.638440,6,0.638440,7,0.301578,5,0.052406,
hf_cat_006059.jpg,6,-0.450375,0.637389,6,0.637389,5,0.301081,7,0.052320,
hf_cat_000057.jpg,3,-0.454154,0.634985,3,0.634985,5,0.085936,4,0.066927,
hf_cat_001672.jpg,6,-0.456241,0.633661,6,0.633661,5,0.299320,7,0.066787,
hf_cat_010036.jpg,6,-0.456397,0.633562,6,0.633562,5,0.299274,7,0.052006,
hf_cat_009782.jpg,7,-0.456406,0.633557,7,0.633557,6,0.299271,5,0.040502,
hf_cat_006073.jpg,6,-0.457100,0.633117,6,0.633117,5,0.181391,7,0.181391,
hf_cat_010159.jpg,6,-0.461340,0.630438,6,0.630438,5,0.231925,7,0.085321,
000000458832.jpg,7,-0.464393,0.628517,7,0.628517,6,0.180073,5,0.008965,
hf_cat_005028.jpg,4,-0.464585,0.628396,4,0.628396,5,0.231174,3,0.140214,
000000157807.jpg,6,-0.465238,0.627986,6,0.627986,5,0.231023,7,0.140123,
hf_cat_006181.jpg,6,-0.467704,0.626439,6,0.626439,5,0.295909,7,0.066026,
hf_cat_006448.jpg,4,-0.467928,0.626299,4,0.626299,5,0.230402,3,0.024284,
ox_Bengal_70.jpg,4,-0.473521,0.622805,4,0.622805,5,0.294192,3,0.051123,
hf_cat_000609.jpg,6,-0.473800,0.622632,6,0.622632,7,0.229053,5,0.108197,
000000322164.jpg,8,-0.474519,0.622184,8,0.622184,9,0.377374,7,0.000442,
ox_Russian_Blue_236.jpg,6,-0.475251,0.621729,6,0.621729,7,0.293684,5,0.084142,
000000055466.jpg,7,-0.475376,0.621652,7,0.621652,8,0.377051,9,0.001059,
hf_cat_010892.jpg,7,-0.475719,0.621438,7,0.621438,8,0.376921,9,0.001540,
ox_British_Shorthair_61.jpg,6,-0.476524,0.620938,6,0.620938,5,0.293310,7,0.084035,
hf_cat_001767.jpg,3,-0.477275,0.620472,3,0.620472,2,0.376335,4,0.001975,
hf_cat_001022.jpg,3,-0.478318,0.619825,3,0.619825,4,0.375943,5,0.004176,
hf_cat_002952.jpg,7,-0.478384,0.619784,7,0.619784,6,0.292765,5,0.018716,
000000526225.jpg,6,-0.479271,0.619235,6,0.619235,7,0.292506,5,0.083804,
000000334911.jpg,4,-0.479481,0.619105,4,0.619105,5,0.375506,6,0.003249,
ox_British_Shorthair_65.jpg,7,-0.480424,0.618521,7,0.618521,6,0.375152,5,0.004168,
hf_cat_002253.jpg,6,-0.481100,0.618103,6,0.618103,7,0.374898,5,0.006867,
hf_cat_008139.jpg,7,-0.481608,0.617789,7,0.617789,6,0.374708,5,0.006863,
hf_cat_006146.jpg,7,-0.482101,0.617485,7,0.617485,6,0.374523,5,0.006860,
hf_cat_000777.jpg,3,-0.483012,0.616922,3,0.616922,4,0.374182,5,0.008800,
000000450247.jpg,7,-0.483024,0.616915,7,0.616915,6,0.374178,5,0.006853,
hf_cat_010553.jpg,6,-0.483446,0.616655,6,0.616655,7,0.226855,5,0.137594,
000000265895.jpg,6,-0.484549,0.615975,6,0.615975,5,0.226604,7,0.137443,
000000474208.jpg,7,-0.485717,0.615256,7,0.615256,6,0.373172,5,0.006835,
000000522380.jpg,6,-0.486285,0.614907,6,0.614907,5,0.290461,7,0.083219,
ox_British_Shorthair_117.jpg,7,-0.487423,0.614207,7,0.614207,6,0.372536,5,0.008761,
000000258523.jpg,7,-0.488742,0.613397,7,0.613397,6,0.372044,5,0.011235,
000000329515.jpg,6,-0.489144,0.613151,6,0.613151,5,0.225566,7,0.136812,
000000262371.jpg,7,-0.489507,0.612928,7,0.612928,6,0.371760,5,0.014415,
000000175729.jpg,7,-0.490006,0.612622,7,0.612622,6,0.371574,5,0.006806,
000000381854.jpg,6,-0.493012,0.610784,6,0.610784,7,0.370459,5,0.018444,
hf_cat_000260.jpg,7,-0.493025,0.610776,7,0.610776,6,0.370454,5,0.011187,
000000089430.jpg,6,-0.493924,0.610227,6,0.610227,7,0.288251,5,0.082585,
ox_British_Shorthair_207.jpg,6,-0.494773,0.609710,6,0.609710,7,0.224300,5,0.082515,
000000546013.jpg,7,-0.496162,0.608863,7,0.608863,6,0.287607,5,0.011152,
hf_cat_009870.jpg,6,-0.496228,0.608823,6,0.608823,7,0.287588,5,0.064169,
hf_cat_009888.jpg,6,-0.498661,0.607343,6,0.607343,5,0.368372,7,0.023549,
000000004537.jpg,6,-0.499317,0.606945,6,0.606945,7,0.286700,5,0.105471,
000000082604.jpg,6,-0.499549,0.606804,6,0.606804,7,0.368045,5,0.023528,
ox_British_Shorthair_155.jpg,6,-0.499551,0.606803,6,0.606803,7,0.368045,5,0.023528,
000000119081.jpg,7,-0.499730,0.606694,7,0.606694,6,0.367979,5,0.018321,
hf_cat_009843.jpg,6,-0.500492,0.606232,6,0.606232,5,0.286364,7,0.105347,
000000092173.jpg,7,-0.503047,0.604685,7,0.604685,6,0.366760,5,0.023446,
000000193254.jpg,4,-0.504947,0.603537,4,0.603537,5,0.366064,3,0.030048,
000000573181.jpg,6,-0.505359,0.603289,6,0.603289,7,0.365913,5,0.030036,
hf_cat_009920.jpg,6,-0.505466,0.603225,6,0.603225,7,0.365874,5,0.030033,
000000537372.jpg,7,-0.505495,0.603207,7,0.603207,6,0.365864,5,0.030032,
hf_cat_001682.jpg,7,-0.506559,0.602566,7,0.602566,6,0.365475,5,0.030000,
000000451493.jpg,7,-0.507451,0.602028,7,0.602028,6,0.365148,5,0.014158,
hf_cat_001529.jpg,6,-0.508872,0.601174,6,0.601174,7,0.221159,5,0.172239,
000000102670.jpg,4,-0.508925,0.601141,4,0.601141,5,0.364611,6,0.018153,
hf_cat_001681.jpg,6,-0.510332,0.600296,6,0.600296,7,0.220837,5,0.171988,
000000577526.jpg,6,-0.512323,0.599102,6,0.599102,5,0.220397,7,0.171646,
hf_cat_008753.jpg,6,-0.513027,0.598681,6,0.598681,7,0.282797,5,0.104035,
hf_cat_000144.jpg,6,-0.514731,0.597661,6,0.597661,7,0.362500,5,0.038207,
000000005577.jpg,7,-0.516346,0.596697,7,0.596697,6,0.361915,5,0.029708,
hf_cat_006919.jpg,6,-0.518714,0.595286,6,0.595286,5,0.170552,7,0.170552,
hf_cat_004894.jpg,6,-0.524447,0.591883,6,0.591883,7,0.358995,5,0.048585,
000000491757.jpg,6,-0.524953,0.591583,6,0.591583,7,0.358813,5,0.048560,
000000518324.jpg,6,-0.527894,0.589846,6,0.589846,7,0.357759,5,0.048417,
hf_cat_008281.jpg,4,-0.528129,0.589707,4,0.589707,5,0.278558,3,0.131581,
hf_cat_010843.jpg,6,-0.529202,0.589075,6,0.589075,7,0.278259,5,0.131440,
ox_Persian_266.jpg,6,-0.529827,0.588707,6,0.588707,5,0.216573,7,0.131358,
000000563869.jpg,6,-0.531364,0.587803,6,0.587803,5,0.277658,7,0.131156,
000000401292.jpg,7,-0.531945,0.587461,7,0.587461,6,0.356313,5,0.017740,
hf_cat_007493.jpg,3,-0.532973,0.586858,3,0.586858,4,0.277212,5,0.130946,
hf_cat_010716.jpg,6,-0.535183,0.585562,6,0.585562,7,0.355161,5,0.048066,
hf_cat_006016.jpg,6,-0.536833,0.584596,6,0.584596,7,0.276144,5,0.101588,
hf_cat_008561.jpg,6,-0.536978,0.584512,6,0.584512,5,0.276104,7,0.130422,
hf_cat_008113.jpg,4,-0.537988,0.583922,4,0.583922,5,0.354166,3,0.061545,
hf_cat_000563.jpg,6,-0.538208,0.583793,6,0.583793,5,0.354089,7,0.061531,
hf_cat_009658.jpg,6,-0.538836,0.583427,6,0.583427,5,0.353866,7,0.061493,
hf_cat_000041.jpg,3,-0.539134,0.583253,3,0.583253,2,0.353761,1,0.061474,
hf_cat_009674.jpg,6,-0.542276,0.581423,6,0.581423,7,0.213894,5,0.166581,
ox_British_Shorthair_88.jpg,6,-0.543072,0.580961,6,0.580961,5,0.213724,7,0.037140,
hf_cat_004032.jpg,6,-0.548443,0.577849,6,0.577849,7,0.350483,5,0.060905,
000000129339.jpg,7,-0.554269,0.574492,7,0.574492,6,0.348447,5,0.028602,
hf_cat_002081.jpg,6,-0.558094,0.572299,6,0.572299,5,0.347117,7,0.077452,
ox_Sphynx_127.jpg,6,-0.558717,0.571942,6,0.571942,7,0.210406,5,0.210406,
hf_cat_011236.jpg,6,-0.561723,0.570226,6,0.570226,7,0.345859,5,0.077172,
hf_cat_007699.jpg,4,-0.563588,0.569163,4,0.569163,5,0.345215,3,0.077028,
hf_cat_005230.jpg,6,-0.565417,0.568123,6,0.568123,5,0.268362,7,0.126765,
000000300732.jpg,6,-0.565655,0.567988,6,0.567988,5,0.208951,7,0.208951,
000000191738.jpg,6,-0.566974,0.567239,6,0.567239,7,0.267945,5,0.126568,
000000414078.jpg,6,-0.568878,0.566160,6,0.566160,7,0.267435,5,0.162208,
hf_cat_009880.jpg,6,-0.569131,0.566017,6,0.566017,5,0.343307,7,0.076602,
hf_cat_000663.jpg,3,-0.577112,0.561518,3,0.561518,4,0.340578,5,0.097577,
000000163394.jpg,7,-0.577336,0.561392,7,0.561392,8,0.437212,9,0.001228,
hf_cat_011056.jpg,2,-0.577739,0.561166,2,0.561166,3,0.437036,1,0.001391,
hf_cat_010667.jpg,2,-0.579657,0.560091,2,0.560091,3,0.436199,4,0.002939,
hf_cat_001127.jpg,3,-0.581707,0.558944,3,0.558944,4,0.339016,5,0.075645,
hf_cat_007774.jpg,6,-0.582489,0.558506,6,0.558506,5,0.338751,7,0.097054,
hf_cat_003072.jpg,7,-0.582705,0.558386,7,0.558386,6,0.159980,5,0.010227,
000000107664.jpg,7,-0.582978,0.558234,7,0.558234,6,0.434753,5,0.006201,
000000036484.jpg,6,-0.584538,0.557363,6,0.557363,5,0.205042,7,0.075431,
Abyssinian_103.jpg,5,-0.205541,0.814207,5,0.814207,6,0.040537,4,0.002018,
Abyssinian_107.jpg,5,-0.221344,0.801441,5,0.801441,6,0.108463,7,0.003275,
Abyssinian_11.jpg,5,-0.001911,0.998091,5,0.998091,6,0.000430,4,0.000261,
Abyssinian_138.jpg,5,-0.698763,0.497200,5,0.497200,6,0.004302,4,0.000582,
Abyssinian_159.jpg,5,-0.103815,0.901392,5,0.901392,6,0.073991,4,0.004730,
Abyssinian_172.jpg,5,-0.000784,0.999216,5,0.999216,6,0.000553,4,0.000203,
Abyssinian_176.jpg,5,-0.003519,0.996487,5,0.996487,4,0.003172,6,0.000295,
Abyssinian_177.jpg,5,-0.002886,0.997118,5,0.997118,4,0.000379,6,0.000230,
Abyssinian_180.jpg,4,-0.321437,0.725107,4,0.725107,5,0.266752,3,0.008055,
Abyssinian_2.jpg,3,-0.075772,0.927027,3,0.927027,4,0.059263,2,0.013223,
Abyssinian_20.jpg,5,-0.049658,0.951555,5,0.951555,4,0.047375,6,0.000526,
Abyssinian_232.jpg,5,-0.008365,0.991669,5,0.991669,4,0.006682,3,0.000704,
Abyssinian_71.jpg,5,-0.016903,0.983239,5,0.983239,4,0.008507,6,0.001151,
Abyssinian_78.jpg,5,-0.067234,0.934976,5,0.934976,4,0.003821,6,0.000664,
Abyssinian_84.jpg,5,-0.034238,0.966342,5,0.966342,4,0.029181,3,0.001865,
Bengal_116.jpg,4,-0.341566,0.710656,4,0.710656,3,0.261436,5,0.027555,
Bengal_126.jpg,5,-0.213806,0.807505,5,0.807505,6,0.008971,4,0.000945,
Bengal_127.jpg,5,-0.011295,0.988768,5,0.988768,6,0.005189,4,0.004041,
Bengal_13.jpg,5,-0.202183,0.816945,5,0.816945,4,0.182285,3,0.000512,
Bengal_169.jpg,5,-0.029172,0.971249,5,0.971249,6,0.022842,4,0.005097,
Bengal_173.jpg,3,-0.318714,0.727083,3,0.727083,4,0.267479,5,0.004899,
Bengal_184.jpg,5,-0.202890,0.816368,5,0.816368,4,0.182156,3,0.000844,
Bengal_193.jpg,5,-0.072196,0.930348,5,0.930348,6,0.021880,4,0.000583,
Bengal_197.jpg,5,-0.001819,0.998182,5,0.998182,4,0.001169,6,0.000552,
Bengal_29.jpg,5,-0.122656,0.884568,5,0.884568,6,0.020803,7,0.000628,
Bengal_33.jpg,5,-0.127862,0.879974,5,0.879974,6,0.043811,7,0.001699,
Bengal_35.jpg,5,-0.856877,0.424486,5,0.424486,6,0.330590,7,0.121617,
Bengal_45.jpg,5,-0.035714,0.964916,5,0.964916,6,0.003071,4,0.002392,
Bengal_64.jpg,5,-0.332404,0.717198,5,0.717198,6,0.263842,7,0.004832,
Bengal_65.jpg,5,-0.258105,0.772514,5,0.772514,6,0.001161,4,0.000549,
Bengal_74.jpg,5,-0.032297,0.968219,5,0.968219,4,0.022770,3,0.008377,
Bengal_82.jpg,5,-0.031359,0.969127,5,0.969127,4,0.029265,3,0.001457,
Bengal_85.jpg,5,-0.086197,0.917413,5,0.917413,6,0.075306,7,0.002274,
Bengal_86.jpg,5,-0.292311,0.746536,5,0.746536,6,0.166575,7,0.006459,
Bombay_172.jpg,5,-0.150797,0.860023,5,0.860023,6,0.090646,7,0.005795,
Bombay_180.jpg,5,-0.420337,0.656825,5,0.656825,4,0.015447,6,0.009369,
Bombay_182.jpg,5,-0.266258,0.766241,5,0.766241,6,0.006629,4,0.000480,
Bombay_47.jpg,5,-0.078287,0.924699,5,0.924699,6,0.013190,4,0.002292,
Bombay_80.jpg,5,-0.016952,0.983191,5,0.983191,4,0.010922,6,0.005159,
British_Shorthair_10.jpg,6,-0.457689,0.632744,6,0.632744,5,0.181284,7,0.181284,
British_Shorthair_124.jpg,5,-0.256342,0.773877,5,0.773877,6,0.134480,7,0.008597,
British_Shorthair_155.jpg,7,-0.206624,0.813325,7,0.813325,6,0.181477,8,0.002589,
British_Shorthair_239.jpg,7,-0.015351,0.984767,7,0.984767,8,0.008520,6,0.006635,
British_Shorthair_248.jpg,6,-0.530428,0.588353,6,0.588353,5,0.216443,7,0.062012,
British_Shorthair_3.jpg,5,-0.121106,0.885940,5,0.885940,6,0.093377,7,0.012637,
British_Shorthair_75.jpg,7,-0.162190,0.850280,7,0.850280,6,0.147756,8,0.001278,
Egyptian_Mau_104.jpg,5,-0.062400,0.939507,5,0.939507,4,0.060061,3,0.000169,
Egyptian_Mau_111.jpg,5,-0.032297,0.968219,5,0.968219,4,0.029238,3,0.001869,
Egyptian_Mau_12.jpg,5,-0.210161,0.810454,5,0.810454,4,0.005461,6,0.001565,
Egyptian_Mau_129.jpg,5,-0.019360,0.980826,5,0.980826,4,0.013991,6,0.002431,
Egyptian_Mau_133.jpg,4,-0.239604,0.786939,4,0.786939,3,0.106501,5,0.106501,
Egyptian_Mau_134.jpg,5,-0.448446,0.638620,5,0.638620,4,0.234935,3,0.009109,
Egyptian_Mau_149.jpg,5,-0.504616,0.603737,5,0.603737,4,0.018231,6,0.001922,
Egyptian_Mau_150.jpg,6,-0.361880,0.696366,6,0.696366,7,0.155380,5,0.121010,
Egyptian_Mau_170.jpg,5,-0.010061,0.989990,5,0.989990,6,0.005195,4,0.001911,
Egyptian_Mau_179.jpg,5,-0.814559,0.442835,5,0.442835,6,0.442835,7,0.076953,
Egyptian_Mau_190.jpg,5,-0.491767,0.611545,5,0.611545,6,0.014382,4,0.000919,
Egyptian_Mau_193.jpg,5,-0.365459,0.693878,5,0.693878,6,0.044358,7,0.001182,
Egyptian_Mau_196.jpg,3,-0.026360,0.973984,3,0.973984,2,0.022906,4,0.003100,
Egyptian_Mau_20.jpg,5,-0.398109,0.671589,5,0.671589,6,0.005810,4,0.000175,
Egyptian_Mau_212.jpg,6,-0.770103,0.462965,6,0.462965,7,0.462965,5,0.062656,
Egyptian_Mau_219.jpg,2,-0.216407,0.805408,2,0.805408,3,0.179711,1,0.014752,
Egyptian_Mau_31.jpg,5,-0.051712,0.949602,5,0.949602,6,0.006398,4,0.006398,
Egyptian_Mau_41.jpg,5,-0.021355,0.978872,5,0.978872,4,0.017929,6,0.000695,
Egyptian_Mau_42.jpg,5,-0.507538,0.601976,5,0.601976,6,0.014157,4,0.000229,
Egyptian_Mau_5.jpg,5,-0.014893,0.985218,5,0.985218,4,0.014053,6,0.000424,
Egyptian_Mau_54.jpg,5,-0.165331,0.847613,5,0.847613,6,0.089338,7,0.007333,
Egyptian_Mau_57.jpg,6,-0.605125,0.546006,6,0.546006,5,0.331170,7,0.121830,
Egyptian_Mau_71.jpg,5,-0.529658,0.588806,5,0.588806,6,0.278132,7,0.029315,
Egyptian_Mau_8.jpg,5,-0.023130,0.977135,5,0.977135,6,0.003110,4,0.001144,
Egyptian_Mau_85.jpg,3,-0.092603,0.911555,3,0.911555,2,0.074825,4,0.013003,
Egyptian_Mau_89.jpg,4,-0.532801,0.586958,4,0.586958,3,0.277259,5,0.130968,
Egyptian_Mau_92.jpg,5,-0.043438,0.957492,5,0.957492,6,0.037126,4,0.002373,
Egyptian_Mau_93.jpg,5,-0.014788,0.985321,5,0.985321,4,0.010946,6,0.003136,
Ragdoll_154.jpg,5,-0.343206,0.709492,5,0.709492,6,0.158309,7,0.007882,
Russian_Blue_170.jpg,5,-0.013420,0.986670,5,0.986670,6,0.008536,4,0.001483,
Russian_Blue_188.jpg,4,-0.298567,0.741881,4,0.741881,3,0.128920,5,0.128920,
Russian_Blue_73.jpg,5,-0.056975,0.944618,5,0.944618,6,0.047030,7,0.001420,
Russian_Blue_8.jpg,5,-0.042647,0.958249,5,0.958249,4,0.010645,6,0.000874,
Russian_Blue_89.jpg,5,-0.082059,0.921218,5,0.921218,6,0.058891,7,0.001778,
Siamese_200.jpg,5,-0.714766,0.489307,5,0.489307,4,0.381072,3,0.040165,
Siamese_73.jpg,5,-0.088330,0.915458,5,0.915458,4,0.021530,6,0.001215,
Siamese_91.jpg,5,-0.194861,0.822949,5,0.822949,4,0.052609,6,0.011739,
Sphynx_129.jpg,3,-0.539311,0.583150,3,0.583150,4,0.353698,5,0.061464,
Sphynx_130.jpg,3,-0.968397,0.379691,3,0.379691,4,0.295704,5,0.295704,
Sphynx_146.jpg,3,-0.333698,0.716270,3,0.716270,2,0.263501,1,0.013119,
Sphynx_169.jpg,5,-1.003852,0.366465,5,0.366465,6,0.366465,7,0.173106,
Sphynx_176.jpg,5,-0.499403,0.606893,5,0.606893,4,0.135416,3,0.023532,
Sphynx_212.jpg,5,-0.462291,0.629839,5,0.629839,4,0.297515,3,0.066385,
Sphynx_230.jpg,3,-0.095607,0.908821,3,0.908821,4,0.058099,2,0.021373,
Sphynx_237.jpg,5,-0.600541,0.548515,5,0.548515,3,0.157152,4,0.045025,
Sphynx_46.jpg,3,-0.370488,0.690398,3,0.690398,4,0.119973,5,0.072767,
Sphynx_92.jpg,5,-0.743793,0.475308,5,0.475308,6,0.370170,7,0.082596,
Sphynx_96.jpg,5,-0.256096,0.774067,5,0.774067,4,0.134513,3,0.063539,
02cd07c924c678a532002677f6d32c37.jpg,7,-0.622120,0.536805,7,0.536805,8,0.418064,9,0.044064,
02ff14fb226242bffcc380273de625f0.jpg,9,-0.313432,0.730934,9,0.730934,8,0.268896,7,0.000169,
07d8ed31c8d348c0970fb9f032dbf678.jpg,7,-0.393167,0.674916,7,0.674916,8,0.318808,9,0.005839,
08984c7356352fc379180208b98cbf7e.jpg,7,-0.436501,0.646294,7,0.646294,8,0.305288,9,0.025060,
0adfd44f1f25a3cb5f7a8130d22f836c.jpg,8,-0.330724,0.718403,8,0.718403,7,0.205826,9,0.075719,
0b5348edbc6bcd2294e6a768aeb16050.jpg,7,-0.084649,0.918835,7,0.918835,6,0.058739,8,0.021609,
0dfeb9efd8e499784493ea7297d721b8.jpg,8,-0.281632,0.754551,8,0.754551,9,0.216183,7,0.029257,
0e0d9b671b57e26e7ab384598200715c.jpg,7,-0.581644,0.558978,7,0.558978,8,0.435333,9,0.004836,
11e40821451305122a054265eb8398ac.jpg,8,-0.121276,0.885790,8,0.885790,7,0.093362,9,0.020832,
14a4683884d45d651e3b48fa4696780b.jpg,8,-0.192778,0.824665,8,0.824665,7,0.143305,9,0.031976,
179897d15ce5c64e42df6620b8691323.jpg,9,-0.386994,0.679095,9,0.679095,8,0.320782,7,0.000122,
1d43ec4849b8758b7e6fc031675c0b39.jpg,8,-0.300470,0.740470,8,0.740470,7,0.212148,9,0.047337,
1df5503315cf0c1ace761252189347aa.jpg,7,-0.037327,0.963361,7,0.963361,6,0.022656,8,0.013742,
21f96c9bd308b8c06624935fab402a5a.jpg,9,-0.126969,0.880761,9,0.880761,8,0.119198,7,0.000040,
22cbe1745da25bcbfa7c9d2c9d519797.jpg,7,-0.008654,0.991383,7,0.991383,8,0.006680,6,0.001914,
25965737fcc0892590ff4f00a6bc8d19.jpg,7,-0.103329,0.901831,7,0.901831,6,0.095052,8,0.001356,
2707a9b7de77ea9bdd73f736d4678a02.jpg,8,-0.456045,0.633785,8,0.633785,9,0.299379,7,0.066800,
27fcf847027f8700549822bf8215cfd5.jpg,7,-0.724977,0.484336,7,0.484336,8,0.484336,9,0.030963,
296f6184bbb29ce84e0d4b4c3e2e5a91.jpg,5,-0.091276,0.912766,5,0.912766,6,0.010140,4,0.000572,
2a671cd50509e028ea346e593d413364.jpg,7,-0.477580,0.620283,7,0.620283,8,0.376221,9,0.003255,
2b53246895f6d3628b0512dbaca0d809.jpg,8,-0.225825,0.797857,8,0.797857,7,0.178026,9,0.024093,
2e088f61d7cf11f0413e2d9a0490e450.jpg,8,-0.147436,0.862918,8,0.862918,9,0.116783,7,0.020294,
30ba60375d360959dbf5f78d5015d7ec.jpg,5,-0.876218,0.416354,5,0.416354,6,0.416354,7,0.153168,
3734bbbbda81b0ac7756b518bc52cfec.jpg,8,-0.266073,0.766383,8,0.766383,9,0.219572,7,0.014037,
3988749a1b820951d8f86f8378b9fc79.jpg,7,-0.713005,0.490169,7,0.490169,8,0.490169,9,0.014802,
3ab8b4794728cebd2ddd800b22445519.jpg,7,-0.578481,0.560750,7,0.560750,8,0.436712,9,0.002292,
3faf46957373bf3d8f707b57c89d37e0.jpg,9,-0.161002,0.851290,9,0.851290,8,0.147932,7,0.000776,
3fc2bcb42570a729ad80b9ce0cf79f8b.jpg,9,-0.476964,0.620665,9,0.620665,8,0.376452,7,0.002874,
3fc2fc18a8bc05242dd00cc28a2a2d21.jpg,9,-0.251970,0.777268,9,0.777268,8,0.222691,7,0.000040,
400d26d483245d056c9476f7e139e071.jpg,7,-0.389189,0.677606,7,0.677606,8,0.320078,9,0.002157,
42a4f24026df6d86d5268abfd4e46924.jpg,9,-0.474810,0.622004,9,0.622004,8,0.377264,7,0.000728,
453597d40c92bfa2c19711e271115c52.jpg,9,-0.479531,0.619074,9,0.619074,8,0.375487,7,0.005356,
47f07c73be90430b306878d31242d847.jpg,8,-0.121285,0.885781,8,0.885781,7,0.093361,9,0.020832,
4b707487717df68db3d22f4f84e8c1ce.jpg,9,-0.127068,0.880673,9,0.880673,8,0.119186,7,0.000140,
4cb02ab7b841cc81e57d3863380f3d91.jpg,6,-0.826421,0.437613,6,0.437613,5,0.340813,7,0.059224,
51fd4f13c4b5071605263c5f87816066.jpg,8,-0.432906,0.648621,8,0.648621,9,0.238614,7,0.112713,
52fd2f3208cddb8dbbf4bf422d8f0236.jpg,7,-0.068773,0.933538,7,0.933538,8,0.059679,6,0.006290,
5349771b114ed98a8eca6fa1dd4942ca.jpg,7,-0.019609,0.980582,7,0.980582,8,0.010893,6,0.008484,
5a0fbace402772aba80917f306d869e5.jpg,8,-0.144275,0.865650,8,0.865650,7,0.091239,9,0.043098,
5c06d4657fce98a8360fb3841dd6a494.jpg,8,-0.697468,0.497844,8,0.497844,9,0.497844,7,0.004307,
5ccebfd32610ec8928f668928671a7cf.jpg,8,-0.164686,0.848160,8,0.848160,9,0.147388,7,0.004451,
5e507706f249e8ce1f9444a7ee11cd2f.jpg,9,-0.127053,0.880687,9,0.880687,8,0.119188,7,0.000123,
5e5a0d99306d7911ac263cb98958fbe6.png,9,-0.048622,0.952542,9,0.952542,8,0.047424,7,0.000034,
5e61a94466f9d31c89eafdaf13b373f8.jpg,7,-0.173807,0.840459,7,0.840459,6,0.146050,8,0.009337,
6552623f0e25654ef5db7cdafc35b6b0.jpg,8,-0.481001,0.618164,8,0.618164,7,0.374936,9,0.006867,
670ea8a7c4abd00a2c97f89ae1253ae5.jpg,9,-0.576600,0.561805,9,0.561805,8,0.437534,7,0.000658,
6ee18ae375c2fe673aca764f394ba915.jpg,7,-0.695505,0.498823,7,0.498823,8,0.498823,9,0.002039,
7071df63be3fc28933e4405cde9bf30c.jpg,6,-0.728377,0.482692,6,0.482692,5,0.292767,7,0.083879,
714aae2761f1c2b8e5e5e7ab86e5cae2.jpg,9,-0.048597,0.952565,9,0.952565,8,0.047425,7,0.000010,
71c3e446257baf6e82e69b805655c601.jpg,7,-0.204673,0.814914,7,0.814914,8,0.181832,9,0.002289,
7201df7d336c590fea3e55dd7f130de7.jpg,9,-0.371576,0.689646,9,0.689646,8,0.253707,7,0.056610,
748db16f662b0cbf510bfc5b9cbcff0d.jpg,7,-0.101538,0.903447,7,0.903447,8,0.095223,6,0.000824,
8049c45045c836e2395a88e2100792d6.jpg,8,-0.504506,0.603804,8,0.603804,7,0.222127,9,0.172993,
80f27a86192c3fee6a92e093ccf95a21.jpg,9,-0.038047,0.962668,9,0.962668,8,0.037327,7,0.000005,
815a56867a64d8f4bd2291e1eafb486a.jpg,9,-0.000710,0.999290,9,0.999290,8,0.000710,7,0.000000,
81b4c0d64a9688dc4465634d7c37c77a.jpg,8,-0.584046,0.557638,8,0.557638,7,0.434289,9,0.007954,
81c8c6ee4e7b204318a10352a32ede68.jpg,9,-0.201443,0.817550,9,0.817550,8,0.182420,7,0.000029,
82f2211e7391100b57e838c119fd1353.jpg,8,-0.300449,0.740486,8,0.740486,9,0.212153,7,0.047338,
86b7900c7e28f093cae988ac7567a8a0.jpg,5,-0.488347,0.613640,5,0.613640,6,0.372192,7,0.011239,
8ef5d08e7f486fe5971b080ee2867ca6.jpg,6,-0.585690,0.556722,6,0.556722,7,0.433575,5,0.007941,
8f30bb8c91cd500a0e6cee1e9a5e533e.jpg,9,-0.023252,0.977016,9,0.977016,8,0.022977,7,0.000006,
90a1245c75057a23debfd7304d586322.jpg,9,-0.029781,0.970658,9,0.970658,8,0.029311,7,0.000030,
9503ccfd7b30f5b95a41eb4904b5026b.jpg,6,-0.827010,0.437355,6,0.437355,7,0.340612,5,0.160894,
9569afbec85128964e3339a85186f616.jpg,9,-0.000913,0.999088,9,0.999088,8,0.000911,7,0.000001,
959f8acc25bd5a165503b68446df9849.jpg,8,-0.227849,0.796244,8,0.796244,9,0.138366,7,0.065360,
96bc19279e288e020e1a4710e20dc161.jpg,9,-0.062002,0.939881,9,0.939881,8,0.060085,7,0.000033,
98bf91028b91c66f27a79cb22abf1dcc.jpg,5,-0.074544,0.928167,5,0.928167,6,0.021828,4,0.002954,
a0a301695d18fd7e2e27f7205e98a425.jpg,9,-0.014172,0.985928,9,0.985928,8,0.014064,7,0.000008,
a1bfe45e8edcbb54dd46ee3a0a1e32b1.jpg,8,-0.152074,0.858925,8,0.858925,7,0.070505,9,0.070505,
a45d1e500fa56bcfb00f60a4da9df4c7.jpg,9,-0.004079,0.995929,9,0.995929,8,0.004070,7,0.000000,
a4939d9de560f79fe94cc90b3b0a532a.jpg,7,-0.637858,0.528423,7,0.528423,6,0.411536,5,0.015957,
a49aee0fd288be8ed19d19987d1bee9d.jpg,9,-0.201928,0.817154,9,0.817154,8,0.182332,7,0.000512,
a931c771c18f63fa26d76a7bd1b0b2da.jpg,8,-0.203201,0.816114,8,0.816114,9,0.182100,7,0.001785,
aa05c4b69e2aa49a2475c4323bebae47.jpg,7,-0.257907,0.772667,7,0.772667,8,0.221373,6,0.003158,
b1b0b75194916d08c529a26124882730.jpg,9,-0.078991,0.924048,9,0.924048,8,0.075850,7,0.000101,
b23dcd5326d6fe9f8b5dd1dec027238f.jpg,6,-0.465398,0.627885,6,0.627885,5,0.230986,7,0.140100,
b2f7e1c5a24c669663dc7cb6b48f3ba5.jpg,8,-0.094930,0.909436,8,0.909436,7,0.045278,9,0.045278,
b3e5bfef10882d53a2cd328bfa65106f.jpg,8,-0.441137,0.643305,8,0.643305,9,0.303876,7,0.052806,
b51857c0931997257a6701b340bef7d8.jpg,8,-0.321370,0.725155,8,0.725155,7,0.266770,9,0.008056,
b780edf2865a6904cd7f92e3df1264b4.jpg,9,-0.002481,0.997523,9,0.997523,8,0.002473,7,0.000005,
ba399930e0f0c960ad6941b82613a7a7.jpg,5,-0.787151,0.455140,5,0.455140,6,0.167437,7,0.017648,
bde54e3cc3b0697e270fd875e3b17f0f.jpg,9,-0.005235,0.994778,9,0.994778,8,0.005220,7,0.000001,
bf322827358a282b29cbe6f1d8930d9e.jpg,8,-0.139444,0.869842,8,0.869842,7,0.117720,9,0.012408,
c0ed43ca111fced7e2147b8f45097bae.jpg,5,-0.529904,0.588662,5,0.588662,6,0.048320,7,0.003966,
c48587ca40d802a314ed7d1ee98b52df.jpg,7,-0.127669,0.880145,7,0.880145,6,0.092767,8,0.009778,
c565b87d8d043a260a8abb1c720dce32.jpg,7,-0.708264,0.492499,7,0.492499,8,0.492499,9,0.014872,
c5d669ce9c93daf4e075e379f40078d0.jpg,9,-0.008619,0.991418,9,0.991418,8,0.008577,7,0.000004,
c603ca66250ab73ec4c5a7d5a880e55b.jpg,9,-0.048602,0.952560,9,0.952560,8,0.047425,7,0.000014,
cb583ff0f992fbe018220f14486c38e2.jpg,7,-0.389155,0.677629,7,0.677629,8,0.320089,9,0.002157,
cc208b6162dfe3e10b27bd786523ffa0.jpg,9,-0.202259,0.816883,9,0.816883,8,0.182271,7,0.000844,
ce3c92b67eec340c079de8b1ad934d6e.jpg,9,-0.100262,0.904600,9,0.904600,8,0.095344,7,0.000053,
d27aa3ef5f54baa317022ebf006abceb.jpg,7,-0.494330,0.609980,7,0.609980,8,0.369971,9,0.018420,
d5c9348e7e9b7a0d3b229988851ea988.jpg,8,-0.724638,0.484500,8,0.484500,9,0.484500,7,0.030973,
d8f2cde9a87f31837139d05dace67b41.jpg,7,-0.586338,0.556361,7,0.556361,8,0.433295,9,0.010190,
d917a1863561c15c18fa3f134c8b3998.jpg,8,-0.161675,0.850718,8,0.850718,9,0.147833,7,0.001449,
d9b11c2b1dc97986d1e7dc23fd8b7510.jpg,9,-0.023261,0.977007,9,0.977007,8,0.022977,7,0.000014,
dbe68b550b646d13a2a030d1e7d75eeb.jpg,7,-0.705352,0.493934,7,0.493934,8,0.493934,9,0.011616,
dd6b420408242a29851f6258b5cbe04f.jpg,9,-0.048693,0.952474,9,0.952474,8,0.047421,7,0.000104,
ddde4af2d86748f01da59c36db894923.jpg,8,-0.478823,0.619512,8,0.619512,9,0.375753,7,0.004730,
df03c2c5ecf5fcbfd1b30786c04c65b1.jpg,8,-0.120331,0.886627,8,0.886627,7,0.056680,9,0.056680,
dfbfa4331f59bc3610154f380ac3a33d.jpg,9,-0.202992,0.816285,9,0.816285,8,0.182138,7,0.001576,
e4ca4dd456b50fd22d810fc65b2a30f9.jpg,5,-0.680894,0.506164,5,0.506164,6,0.011904,7,0.003411,
e55ac190fad89e7737665f0317996807.jpg,8,-0.266459,0.766087,8,0.766087,7,0.170937,9,0.062884,
e6ad19d241c12236c7168facd9d9bf83.jpg,9,-0.038043,0.962672,9,0.962672,8,0.037327,7,0.000001,
eb209140793c641cf70cb8d1860b8be9.jpg,6,-0.611190,0.542705,6,0.542705,5,0.256356,7,0.199650,
efaa707d4fac1fce575980516860503b.jpg,7,-0.160686,0.851559,7,0.851559,8,0.147979,6,0.000324,
f5c08f8721d5e3c53d8868a72182ba72.jpg,7,-0.163977,0.848761,7,0.848761,8,0.147493,6,0.001857,
f957bd7736bfc17e00ea89787ac1ed17.jpg,9,-0.314021,0.730504,9,0.730504,8,0.268737,7,0.000755,
fb2a4d7b79f9d32870c5a9d054eece51.jpg,8,-0.341584,0.710644,8,0.710644,7,0.261431,9,0.027555,
fcf065e16e36518d363b0eee39b57513.jpg,7,-0.389113,0.677657,7,0.677657,8,0.320103,9,0.001903,
fed9629062cf5088f8676974f913f119.jpg,9,-0.078960,0.924077,9,0.924077,8,0.075853,7,0.000069,
0069619dd40e43416f6631cecb094bf6.jpg,2,-0.622011,0.536863,2,0.536863,1,0.325624,3,0.119790,
07d7e02177f97b7c8c787b57f9615aa9.jpg,1,-0.030289,0.970165,1,0.970165,2,0.029296,3,0.000537,
0975c53456292b3d374bbd549af4da2c.jpg,3,-0.017785,0.982373,3,0.982373,4,0.010913,2,0.006619,
0ddbd3d2b815f58a57674983d3163670.jpg,3,-0.059294,0.942429,3,0.942429,2,0.046921,4,0.010469,
12043946059e544017543e473b0fdb26.jpg,5,-0.139098,0.870143,5,0.870143,6,0.003556,4,0.000481,
140becb2b501f795b573a5220f927d20.jpg,3,-0.160856,0.851415,3,0.851415,4,0.069888,2,0.033013,
1533a6a0c6ae54d7a8a503acfe17bb28.jpg,3,-0.110419,0.895459,3,0.895459,2,0.094381,4,0.009948,
1568bcab219ad4bf0bc3905c5ec9179c.jpg,2,-0.694047,0.499550,2,0.499550,3,0.499550,1,0.000585,
1588e2679911618df62f6d111a82f68e.jpg,2,-0.408041,0.664952,2,0.664952,3,0.314101,1,0.020080,
1b196a87a6ea10b77f92c55a7c26fcc4.jpg,2,-0.110256,0.895605,2,0.895605,3,0.094396,1,0.009949,
1c5a8fd38a9502d308a38faf6b61e42b.jpg,1,-0.001206,0.998795,1,0.998795,2,0.001169,3,0.000035,
2019f008097a1ecec2533133f7bee46b.jpg,2,-0.315416,0.729485,2,0.729485,3,0.268363,1,0.002049,
257542af463c3154bde7dfd47167f680.jpeg,5,-0.280665,0.755281,5,0.755281,6,0.005089,4,0.005089,
2e21155232238d3d719e31b66fa4341d.jpg,1,-0.050952,0.950324,1,0.950324,2,0.047314,3,0.002356,
2fbc453d07bd6df661381995d4ca4073.jpg,3,-0.257011,0.773360,3,0.773360,2,0.221571,4,0.004058,
30f4cb71e37f474ea83f7f29856aed08.jpg,5,-0.028327,0.972070,5,0.972070,4,0.002410,6,0.000690,
33c04b134dea6da9c6f4edce35ca9862.jpeg,5,-0.057783,0.943855,5,0.943855,6,0.010485,4,0.006360,
346514bdb8c862d40c4bf448ff714171.jpg,3,-0.049056,0.952128,3,0.952128,4,0.047404,2,0.000410,
3731ed6d083a60ea6956aa55a2f97278.jpg,2,-0.254580,0.775242,2,0.775242,3,0.222111,1,0.002467,
38782d8c403f2b833eaa017a25d519cc.jpg,2,-0.359028,0.698355,2,0.698355,1,0.256910,3,0.044644,
38d34c93adc7e26adf3ddcd9badb5fc7.jpg,3,-0.318852,0.726983,3,0.726983,2,0.267442,4,0.004898,
42848f36039ae58e8e93c80a081da45a.jpg,3,-0.135706,0.873100,3,0.873100,4,0.118161,2,0.005883,
4486a457d04fb8ff67582261c4ddd76c.jpeg,4,-0.604197,0.546513,4,0.546513,5,0.331477,3,0.121944,
45dac52d22e9bc346f43c7472db3fc79.jpg,4,-0.359899,0.697747,4,0.697747,5,0.256687,3,0.027055,
463f2f750e95a725934a639ee6d02249.jpg,3,-0.207216,0.812844,3,0.812844,2,0.181370,4,0.005477,
4ae27e220f198c2e1b59fb3986dbe834.jpg,1,-0.051618,0.949691,1,0.949691,2,0.047282,3,0.003023,
4d14a04a2ce0ad430c20da36590679f3.jpg,3,-0.543374,0.580785,3,0.580785,2,0.213659,1,0.129591,
4d55b07c65a911747ea07b6f67088198.jpg,1,-0.597556,0.550155,1,0.550155,2,0.428461,3,0.021332,
4d9bbce6e72f048adedd0341a592f6e2.jpg,4,-0.379203,0.684407,4,0.684407,5,0.196086,3,0.072136,
4f1e2ec9ccfcd383827d6f2bb2b11f7a.jpg,3,-0.409449,0.664016,3,0.664016,4,0.313659,5,0.015616,
55c65926a526594729516b272c4d403d.jpg,3,-0.388913,0.677793,3,0.677793,2,0.320167,1,0.001019,
55cd8aa5f2cea1288a2c05bdc91129ab.jpg,5,-0.515161,0.597404,5,0.597404,4,0.018040,3,0.003135,
5c1fc756b4a14dd49100359e432cf634.jpg,1,-0.130530,0.877630,1,0.877630,2,0.118774,3,0.003587,
61a4d1cf344e770d6463766fa5f167bc.jpg,3,-0.317436,0.728013,3,0.728013,2,0.267821,4,0.002317,
6577cba3e50749158489c0dc3f798905.jpg,5,-0.034424,0.966161,5,0.966161,6,0.029176,4,0.003948,
6beba9fcae927b8b79149f168070a52e.jpg,5,-0.241791,0.785221,5,0.785221,6,0.030446,4,0.002499,
6db7d42174f76d33222321c3421812fa.jpg,2,-0.121261,0.885802,2,0.885802,1,0.093363,3,0.020832,
6e4b94afe16fbeed6d74989c011a7d8b.jpg,5,-0.241255,0.785641,5,0.785641,6,0.082806,4,0.030463,
7207f4138d27adb4f764f6b11635c628.jpg,3,-0.134947,0.873763,3,0.873763,4,0.118251,2,0.007560,
74a097cbdee5a3774aa79d12eb8ed9b5.jpg,3,-0.325537,0.722140,3,0.722140,2,0.265660,4,0.011672,
76d3c11c11d6eb7e1c438fd56d5128f7.jpeg,5,-0.003470,0.996536,5,0.996536,6,0.001924,4,0.000158,
76ebd5b0f65731f9ae0192556fc3103e.jpg,5,-0.075488,0.927291,5,0.927291,6,0.059280,7,0.006248,
821066e791fa95a67e174052e8f9229b.jpg,2,-0.204851,0.814769,2,0.814769,3,0.181799,1,0.003330,
86f8f18f04fe8e4a792fb754fce54b1c.jpg,5,-0.608869,0.543966,5,0.543966,6,0.027082,7,0.002854,
88d80f7701cca6222f270d900748171a.jpg,6,-0.599169,0.549268,6,0.549268,5,0.333148,7,0.095448,
900eeb44359f1bd0e393206041c58c3c.jpg,1,-0.412878,0.661743,1,0.661743,2,0.312585,3,0.025659,
94cbc4cf2cd2ea132a712638047da681.jpg,1,-0.014495,0.985610,1,0.985610,2,0.014059,3,0.000331,
95251c78dda33f6c5cedf57cfd7c6355.jpg,3,-0.550336,0.576756,3,0.576756,2,0.047343,4,0.017417,
9956bab1c57d105e090e67e00b9ad923.jpg,3,-0.277138,0.757950,3,0.757950,4,0.169121,2,0.062216,
9d098de484ea0d26260e3d941a85a388.jpeg,5,-0.254515,0.775292,5,0.775292,4,0.222125,3,0.001922,
a1c85f8fb91682e05621f6b6197873bf.jpg,2,-0.481135,0.618081,2,0.618081,3,0.374885,1,0.006866,
a3076e9d9706591bd23123e45eb1b53d.jpg,3,-0.750519,0.472121,3,0.472121,4,0.472121,5,0.049761,
a45e514cfa8216eb32fcd2991b714295.jpg,3,-0.108810,0.896901,3,0.896901,2,0.057337,4,0.044654,
baba044a2fb8a75cc653e50171dbd9eb.jpg,3,-0.420698,0.656588,3,0.656588,2,0.241545,4,0.041974,
c34b8c5582ceddc7af8354417f3ef8f4.jpg,2,-0.713472,0.489940,2,0.489940,3,0.489940,1,0.014795,
ca6d677ed42565b6fa0d09f3931d7e30.jpg,3,-0.213923,0.807411,3,0.807411,2,0.180158,4,0.006985,
cac9cebe3f6eebf1035dae3c636f3301.jpg,3,-0.160855,0.851416,3,0.851416,4,0.147954,2,0.000471,
cdc84db1283132ed418543fa5c1346c2.jpg,5,-0.334172,0.715931,5,0.715931,4,0.013113,6,0.001076,
cecff23800a65b909c45a4c49d416d13.jpg,3,-0.092437,0.911707,3,0.911707,2,0.074837,4,0.013005,
d127a652663d46bed0c9b2b69faf60a7.jpg,2,-0.026611,0.973740,2,0.973740,1,0.017835,3,0.008424,
d5b8062cbbe99fcda83a5ff4f93a80e4.jpg,5,-0.588411,0.555209,5,0.555209,6,0.006168,4,0.001376,
d63c775de65ff8b912ce9142109acae5.jpg,2,-0.260544,0.770632,2,0.770632,1,0.220790,3,0.008561,
e36a341f7492da0431fc07e29fb825b6.jpg,2,-0.578236,0.560887,2,0.560887,1,0.436819,3,0.002292,
e4b11bd9926efb33b4ba71e43a00c6fe.jpg,2,-0.581880,0.558847,2,0.558847,3,0.435230,1,0.004835,
ea99521f46dc358a93c30749b410172c.jpg,5,-0.138152,0.870967,5,0.870967,4,0.003559,6,0.001309,
ecab878190f4aee9951d2bea372101cf.jpg,3,-0.604199,0.546512,3,0.546512,2,0.425624,1,0.027209,
f30f7c8e53ca213a5d2543d12af7a288.jpg,1,-0.134534,0.874123,1,0.874123,2,0.118300,3,0.007563,
f43833c6c2b9bfd162f30b4c5b174e67.jpg,1,-0.136714,0.872219,1,0.872219,2,0.118042,3,0.009689,
f60b9a3a5bd83663930b9cd6f108f791.jpg,4,-0.090043,0.913892,4,0.913892,3,0.058423,5,0.027597,
fc6b49162c9dae8b356f8f9885ae0ae4.jpg,2,-0.319572,0.726460,2,0.726460,1,0.267250,3,0.006285,
fcf3aca99e1d03708d320c403e4452fc.jpg,2,-0.192763,0.824677,2,0.824677,3,0.143307,1,0.031976,
